time,10.0,20.0,30.0,50.0,70.0,100.0,125.0,150.0,175.0,200.0,225.0,250.0,300.0,350.0,400.0,450.0,500.0,550.0,600.0,650.0,700.0,750.0,775.0,800.0,825.0,850.0,875.0,900.0,925.0,950.0,975.0,1000.0
2024-02-14 09:00:00,1.8589871037075622e-07,2.1853219463794618e-07,1.0482175532705873e-07,2.9350519908690165e-07,-3.8626338832498317e-07,2.777214038690378e-06,3.3913062034845886e-06,-1.7654029758846255e-06,-7.185327989145107e-07,1.7172830365122945e-05,1.555407130826076e-05,-7.3750372680720035e-06,-9.479338471433746e-06,-9.805915503222702e-07,1.196246837884381e-05,5.5425337337932414e-06,3.6326193964816604e-06,7.611468923978693e-06,5.879921000459932e-06,-7.535100262942783e-06,-3.544485694697596e-06,1.1966569847337174e-06,4.306878004393199e-06,4.903515167231864e-06,1.0744544588107724e-05,6.631047405275414e-06,-1.0485725371533652e-05,-2.1758332652405544e-05,-2.3366030906579992e-05,-2.3696072308164737e-05,-2.7268037263811757e-05,-3.1990030142185145e-05
2024-02-14 12:00:00,2.1257314786837758e-07,-4.026271675290802e-07,-6.146486213313402e-08,3.981677733804877e-07,1.2258904142517544e-07,1.1189717180597972e-06,-1.8807854183590485e-06,3.0672480471490464e-06,1.2344271594611586e-05,1.0733538605919383e-05,9.91926359769168e-06,7.684108454599283e-07,8.611014938101012e-07,4.770991196142387e-06,9.342555669190275e-06,1.1630112685712648e-05,1.0696207316484007e-05,6.4998626467980885e-06,4.040192352255239e-06,-4.871124534093228e-06,-3.702371904561781e-06,-1.1803379199241237e-06,-4.856405517660113e-07,-4.628793035556691e-07,5.583235612185659e-07,9.085135365264084e-06,-8.631423219139092e-06,-2.557235136778548e-05,-2.8141260562813053e-05,-2.9603240322982544e-05,-3.4281167214941627e-05,-3.9859883481707835e-05
2024-02-14 15:00:00,1.8714034898262737e-07,9.197212672534616e-08,-2.0257910099040875e-08,-1.929010405745909e-07,-2.6496372274468486e-07,-5.910222008753992e-07,4.630967136946449e-08,4.388936334169035e-07,-2.1888172175671565e-06,-1.0458230880034809e-05,-7.0868074455009855e-06,-3.3021544904122808e-06,-2.1664363345072705e-07,6.994510323082721e-06,1.1011750376212045e-05,8.296786617600551e-06,1.1414109590971988e-05,8.5536116553212e-06,1.2646110960117834e-06,-6.317196514006285e-06,-4.1974949692785314e-06,-1.5626693028829e-06,-7.070712760276453e-07,-1.0240735858851185e-07,3.296261403619751e-06,8.733333009728807e-06,-4.196365693485773e-06,-3.1421140085109267e-05,-3.1172438608645266e-05,-2.3371465765851035e-05,-2.1011620898471102e-05,-2.3020971099705044e-05
2024-02-14 18:00:00,1.2227308421230967e-07,1.7045780253861774e-07,-1.430973903229829e-07,-2.8560087177320704e-07,-7.7253464447794e-07,-7.26874482770013e-07,-1.5539569153985427e-06,-2.398957994950747e-06,-1.4482716633671948e-05,-2.6664526798813767e-05,-1.3788189786995526e-05,-3.4042596478775685e-06,2.157859243836461e-06,9.740723888926859e-06,1.5944989776548256e-05,1.238873250610063e-05,1.1930921500803985e-05,5.699865591290511e-06,-1.2258000825803934e-06,-4.646445392524696e-06,-1.247265902661463e-06,-3.8494291886489227e-07,-1.4681369713984288e-07,-2.214630753428438e-07,1.4648662582446713e-06,-1.1239656368954214e-06,-9.74347312569084e-06,-2.1020596538573037e-05,-2.3199467829137242e-05,-1.6737335857286775e-05,-9.475198972931283e-06,-9.635064755509579e-06
2024-02-14 21:00:00,-6.388189549505686e-08,2.175810399602955e-08,-1.716023465440025e-08,4.505531785369497e-07,-6.102972514406968e-07,2.1790360848724424e-07,-2.91696328057419e-06,2.537154497480173e-06,-2.5674333166141118e-05,-3.446743056887864e-05,-2.1375238536165854e-05,-3.891427280476497e-06,3.2038814373889154e-06,9.37893751922297e-06,1.712271565664422e-05,1.4058176851973502e-05,1.3097225045000628e-05,5.676236374965772e-06,-2.1549564584360576e-06,-7.283262043716109e-06,-3.262374167054982e-06,-7.539891211122315e-07,8.940109652674591e-09,-6.178477172397746e-07,3.6622925947128922e-06,-2.46583045228245e-06,-1.270615038790335e-05,-1.826972615536583e-05,-2.058388463085163e-05,-1.6978369703635472e-05,-1.4394605781097304e-05,-1.57611085234876e-05
2024-02-15 00:00:00,6.779607500119248e-07,-1.8207125079904612e-07,1.1896277749152402e-07,-2.1319672356155892e-07,4.812617353872027e-07,-4.276812267464227e-07,2.2131840722727057e-06,-2.8990286114779446e-07,-7.469781981839558e-06,-2.0993316036490745e-06,-1.4290032737211811e-06,-4.8523400800298365e-06,2.138293013402185e-06,1.1507943143406198e-05,1.9307762761704977e-05,1.3877273804050699e-05,1.0804401580604179e-05,1.506829576218569e-06,-3.922236424633669e-06,-2.544820673283902e-06,3.3668768085970295e-07,-5.714372127010234e-07,-7.310586028821393e-07,-3.193504654714616e-06,-4.386778194846687e-07,-6.322848703654441e-06,-1.3084638293693185e-05,-1.253383324879717e-05,-1.3098506779962435e-05,-1.2541318633082598e-05,-1.4337506761401409e-05,-1.6141814173781447e-05
2024-02-15 03:00:00,-6.1168553967989e-07,6.493168883900241e-08,1.3218322063775661e-07,2.1829331202511704e-08,-4.085093567831824e-07,-8.948899693575203e-08,3.590097382562475e-06,8.360126217681656e-07,-5.7629088262158595e-06,3.576523077269658e-06,7.1013448611383485e-06,3.640983046458183e-06,6.139895733890432e-06,1.4409050046700539e-05,1.408879943136037e-05,7.929070559192778e-06,9.19950920044613e-06,2.103485392248898e-06,-3.0184499225297266e-06,-3.993320863968142e-06,-1.0149388618515877e-06,-7.457422188404148e-07,-1.036251916447299e-06,6.004860844259999e-07,7.807705275711026e-07,-8.447679730785844e-06,-7.98795843440798e-06,-1.0970328280086773e-05,-1.3705751782627252e-05,-1.1265482198507289e-05,-1.0878149530795859e-05,-1.4707078981801846e-05
2024-02-15 06:00:00,2.748242174753719e-07,9.16105167607932e-08,1.2961255467205284e-07,6.150944829681798e-08,-6.539168577739402e-07,1.535980003236733e-07,4.857274389203746e-06,-1.1022185448158352e-06,-7.5349603576285645e-06,-9.666894247691525e-06,-5.9664019425584385e-06,1.721326381903656e-06,1.3266092036472625e-05,1.631394228817492e-05,8.765034054264649e-06,5.462896147005214e-07,1.5985171201200693e-06,-4.2668399364906524e-07,-1.8479699320286288e-06,-3.2763770867013583e-06,-9.75968442104869e-07,-6.927324956210147e-07,-7.747215643876896e-07,1.974892855711801e-07,5.51213806858503e-06,-1.1372384287463598e-05,-1.192018117280412e-05,-1.0329693647096646e-05,-1.2381952618700884e-05,-1.0877703185206577e-05,-9.002217386786133e-06,-1.3454324965122252e-05
2024-02-15 09:00:00,6.589043129776695e-07,2.7039784356266193e-08,4.496329346019755e-08,1.196384555489272e-07,-8.753535688933727e-07,9.381817961248406e-07,8.288144835451035e-06,-1.4622116122227779e-06,-1.2347962049984102e-05,-5.811566172415576e-06,-4.198830022418068e-06,8.778372188908843e-07,7.592203140711227e-06,1.5546770764364666e-05,6.477868354069647e-06,6.1662792781102584e-06,3.838399450615996e-06,-9.648672482234126e-07,-1.6965592228111044e-06,-2.0279413334027167e-06,-1.3390177158220086e-06,-1.6837117372914892e-06,-1.6406763934989656e-06,-3.370299239276493e-06,2.306824346842917e-06,-6.4507493542583645e-06,-1.2334174589919166e-05,-9.863406856883342e-06,-1.134314742404668e-05,-9.042420292243858e-06,-7.045531290117704e-06,-9.991919917507615e-06
2024-02-15 12:00:00,1.1458592047232442e-08,-4.653897003415987e-08,6.151865037257864e-08,1.261100286539584e-08,-5.594462406004766e-07,1.2797225655884687e-06,4.7871480145698255e-06,-1.0219512954068049e-06,-1.148445132504882e-05,3.6367421082912532e-06,6.3369079182825215e-06,3.5153692172014573e-06,1.5308520529216877e-05,1.588897500214804e-05,3.190545195026346e-06,8.075373777709604e-06,2.719056299819902e-06,-2.1774641008981833e-06,-2.4145708961411877e-06,-4.4087745724111436e-06,-1.987364038462995e-06,-2.044612351744544e-06,-2.406747630811049e-06,-3.225862488890207e-06,-5.754571168822585e-07,-7.158202806318967e-06,-8.476035161623316e-06,-1.1608340613103265e-05,-9.498001215446487e-06,-7.430854676395827e-06,-6.297699435455049e-06,-1.185186024088132e-05
2024-02-15 15:00:00,2.1222410719298518e-07,-9.326608313367092e-08,-7.9176635098464e-08,4.9444696309866476e-08,-8.178059225021169e-09,1.0959181766738707e-06,3.6787843637701448e-06,-1.4725612356554002e-06,-9.369213645449442e-06,8.50444627548601e-06,1.684162435913004e-05,7.0949961058803124e-06,9.507739922402505e-06,2.5488957842664565e-06,-1.3664918134638907e-06,1.0580201208218517e-05,6.7288127874284875e-06,8.866082586209599e-07,-2.2379202966690062e-06,-4.756300172399064e-06,-1.0755363792843638e-06,-1.2092397979813468e-06,-2.3444659079020328e-06,-2.2821709875106035e-08,7.358266594425485e-07,-4.900617199157361e-06,-1.1339584751413377e-05,-9.037456640792458e-06,-9.702597312799504e-06,-6.453074813250749e-06,-3.501964185734114e-06,-9.412456003442782e-06
2024-02-15 18:00:00,5.754864820032316e-08,5.672752662305561e-08,3.3583854408881364e-08,1.7859290625010868e-07,5.751633854772839e-07,3.099895472000082e-07,5.839856251284074e-06,-4.0051114568591786e-08,-2.8124766232588814e-06,7.581685183789473e-06,1.2354963775212688e-05,5.2575468383500795e-06,6.6539684563516805e-06,-2.99101206308966e-07,-4.2608600447769414e-06,6.709228799360091e-06,7.076640371130296e-06,2.5273547056750154e-06,-2.084389419720421e-06,-4.7640380646014735e-06,-1.754529900629427e-06,-7.326641887671551e-07,-1.6308404737779893e-06,-5.618665749681811e-07,8.941330421503128e-07,-3.9412350028522e-06,-5.1850362093414185e-06,-5.8366278188918165e-06,-6.9374486972185885e-06,-3.063876868674901e-06,1.0853484257741305e-06,-1.4897963598688345e-06
2024-02-15 21:00:00,9.903893318295279e-08,8.261640575589394e-08,2.391486197324484e-07,-2.0022023937664325e-07,1.568219488402007e-06,-6.387197326216588e-07,6.384650762937009e-06,-3.439187269329188e-06,-6.417741412581885e-06,7.847520207046811e-07,2.380669828626394e-06,5.7346648043143375e-06,3.7984114933247092e-06,-7.901888118080626e-07,-2.8274461910885626e-06,1.3829207631389125e-06,4.769779257548972e-06,2.1864075885620923e-06,-1.8120568994610076e-06,-4.956990118116471e-06,-1.0204463407046814e-06,3.0931911703783055e-07,-2.5819008273832955e-07,2.0195958898394735e-06,-1.4364416447794128e-06,-4.00952851342879e-06,-5.953507294011371e-06,-8.435216593930648e-06,-8.441116467989684e-06,-5.506329120981727e-06,-2.0881641116516683e-06,-4.818235640497836e-06
2024-02-16 00:00:00,1.2746968779012318e-07,1.2820851777869886e-07,5.819719927479646e-08,2.166295408377524e-07,1.3549609198947632e-06,-1.5892596569742052e-06,4.530566524593434e-06,-1.6428671978228793e-06,-6.15016444620241e-06,-2.481538461869861e-06,3.15647154256199e-06,2.7588048083833127e-06,1.8398646789072281e-06,4.96444342479766e-07,1.3103041792018319e-06,-1.5633850171480962e-07,6.021666755140614e-07,-2.4234478238617636e-06,-3.324043089226487e-06,-2.7610415379514168e-06,-9.500876799227572e-07,2.8740210753501493e-07,7.871678380212348e-07,7.56764605750043e-07,2.2684809122227482e-06,-4.2455378147770905e-06,-3.698795050014075e-06,-2.231980781692585e-06,-1.8321524287359366e-06,-1.869546271040304e-06,-2.117701504293127e-06,-6.394003712202825e-06
2024-02-16 03:00:00,-1.6069151943021396e-07,-1.9434043490827334e-08,-1.1958659751553905e-07,-8.100639878049366e-08,8.077931501576356e-07,-8.358979428445558e-07,2.87721103972569e-06,-2.398735774471964e-06,-7.252403786276219e-06,1.0123899970090144e-06,2.373878995409923e-06,7.905450918136866e-07,1.7382384909728989e-06,-2.385252135849417e-07,-1.9093478623003675e-06,-5.194684021059836e-06,-2.4792725614371025e-06,-2.344713100210548e-06,-3.300966612369927e-06,-2.6831216987415455e-06,-7.432911507690026e-07,1.6349366393275561e-06,1.6392691589658385e-06,6.890946133548248e-07,1.0427530094968209e-07,-1.7849402480793595e-05,-5.678443537040458e-06,-2.485329687927895e-06,-2.3117896424018476e-06,-2.4834706713830533e-06,-2.6873691171167863e-06,-7.158727063600299e-06
2024-02-16 06:00:00,3.759613485458081e-07,-2.9356114671422634e-08,-3.907488085719251e-09,1.592491579120015e-07,1.4750970873464282e-07,7.500123396989487e-07,2.0248368875900467e-06,-1.9381324992043793e-06,-7.1934557084793915e-06,-3.0685017964379496e-06,-3.0821048543863086e-06,-2.211791869499477e-06,2.4226613645113467e-06,1.4454004933948895e-06,-2.389206331526216e-06,-4.7868383981678525e-06,-3.2589833586508496e-06,-4.62048707993451e-06,-4.970419407643393e-06,-1.7747106443476196e-06,1.7684215951402513e-06,2.9315042236233692e-06,1.6491884087619111e-06,1.1722915141270462e-06,-5.395143864852886e-06,-9.237316468822104e-06,-5.708637384714309e-06,-3.3200719558214998e-06,-3.451491467095079e-06,-2.9467685627325857e-06,-3.334371930171021e-06,-1.0160941617532785e-05
2024-02-16 09:00:00,-3.272700057369589e-07,-2.5035898503469357e-08,1.5162700073488405e-08,2.871678683642654e-07,-6.488566516720345e-08,1.766680925066109e-06,1.5607463396672436e-06,-1.853673461068652e-06,-1.4677423184043582e-06,1.2492641740020006e-07,-4.4123837430908226e-06,-8.175347075245009e-07,4.494348391476804e-06,6.779774449393581e-06,-2.516732702799291e-06,-9.780182672138691e-07,-3.0421453322829503e-06,-7.570003459866628e-06,-5.787330856433777e-06,1.2166670342607616e-07,2.146637801517455e-06,8.802974935207167e-07,3.035735596996698e-07,4.890343357923608e-07,-3.6843791937217018e-06,-8.802267907604619e-06,-6.96309945749653e-06,-3.8248338527105876e-06,-3.1991328341003153e-06,-2.6565106575422484e-06,-2.788460937824926e-06,-8.594617915376116e-06
2024-02-16 12:00:00,4.129117089744674e-07,8.897520902129605e-08,1.0283704710841307e-07,4.6159652636640994e-08,2.9245305746277944e-07,1.3965818221639934e-06,2.3334316243481211e-07,-4.710291003212884e-07,8.591225441252785e-06,-2.333314335046825e-08,-6.427009990551828e-06,-5.436317269496961e-06,-1.1454560494995406e-06,4.596865056951949e-06,-2.1882272213133174e-07,-6.380767061761967e-07,-1.6076099636741483e-06,-4.177391609434758e-06,-3.575070820286125e-06,-1.9788574530897962e-07,1.0262627523967788e-06,1.49978961373289e-06,2.1462998436624366e-06,2.46567366252564e-06,-1.5748381566273216e-06,-1.6436041903547848e-06,-2.2256321248834558e-06,-1.901310122733154e-06,-1.505288982946772e-06,-2.7395745301471844e-07,-1.409466623767886e-06,-4.1560414511649734e-06
2024-02-16 15:00:00,3.6774838203703535e-07,-8.25893695626098e-08,-1.8430406923152713e-07,-7.741399829547785e-08,2.9935028167115874e-07,6.042005490893898e-07,2.9296031004423445e-07,2.4012551795893926e-06,1.1777776851783642e-05,-3.2721696924238624e-06,-1.0447401302193333e-05,-1.3928240959035415e-05,-3.6028324910134016e-07,6.42420327812929e-06,1.1881150766566678e-06,-2.213968661607129e-06,-4.756266971921847e-06,-4.208409435744084e-06,-2.850746552018791e-06,-5.648744932863894e-07,1.6550291796193032e-06,2.923205775027636e-06,2.872353862398189e-06,2.996446735357132e-06,2.035242011197331e-06,1.0370098150099197e-06,1.5964855527388963e-06,1.9385890618255933e-06,1.5801832446455737e-06,1.9904387852040676e-06,2.584404232543388e-06,7.611935953286008e-06
2024-02-16 18:00:00,-3.396131978488937e-07,-2.0607349349651092e-07,1.31610998164954e-07,7.911971310147693e-08,-2.1162315908534551e-07,-1.935920436416955e-07,3.966426455902252e-08,-7.252308728038127e-07,8.968965689765284e-06,-7.653057169088295e-06,-1.2760131824853586e-05,-1.8616954426854775e-05,3.4414722322063924e-06,6.4645025516862595e-06,3.0067422318097257e-06,-1.2791658877417298e-06,-6.272373820112221e-06,-4.899122439399888e-06,-2.2370749383237848e-06,1.2020269398391785e-06,2.6945219902722276e-06,3.2780725349561915e-06,3.3516257336102405e-06,3.1180421132345733e-06,1.02291339618247e-07,-2.3129087078259383e-06,1.361572050827219e-06,3.867364248639918e-06,2.6395659418292284e-06,-1.0661537656727728e-07,2.556446489299888e-06,8.261656375125833e-06
2024-02-16 21:00:00,5.171136847691276e-07,-3.501580257986532e-08,1.525529575510529e-07,3.1595519520535855e-07,-2.150122148766213e-08,-6.21626297730444e-07,1.1935653136815815e-07,-3.4033995427760187e-06,6.762145321195905e-06,-3.121329699918582e-06,-1.2957598309570897e-05,-1.5076643280994556e-05,-1.3974819083476746e-06,2.2819068897029666e-06,2.632268598264185e-07,-1.7400802232699443e-06,-4.4691682683099675e-06,-4.59267659726418e-06,-2.1497997601713104e-06,1.6511124987611296e-06,3.972977710272371e-06,3.9809336296419495e-06,3.8004717921425396e-06,2.371580391422466e-06,9.484005960861204e-07,-2.108366022146579e-07,-2.5450764038344026e-07,1.150406709977868e-06,7.379961389117755e-07,3.802827417760497e-07,2.2738181294210564e-07,-2.1182368723812455e-07
2024-02-17 00:00:00,-9.69041050810986e-09,-1.8962694325592916e-07,2.3121029446989978e-07,-8.244805146495019e-08,4.493454059471664e-08,-5.8272381992105716e-08,2.198099792420191e-06,4.3508334825566506e-07,7.130613044883888e-07,-4.509409138048519e-06,-8.24710855407588e-06,-1.1137440869184889e-05,-6.833002076774224e-06,1.578541003702734e-07,2.391456087967821e-07,-1.3528483821830639e-06,-1.7683988958100775e-06,-1.950347210832875e-06,-1.5226330944714327e-06,1.6005963653417297e-06,2.7887620772985667e-06,1.974221157464723e-06,8.389323385348834e-07,3.467002825101214e-06,3.20399047756956e-06,2.536837840050087e-06,1.6606610322380702e-06,2.4847287688922816e-07,6.738951383568611e-07,2.267221686406847e-06,9.099070498626047e-07,1.0909074272079262e-06
2024-02-17 03:00:00,-7.584160462533314e-09,-2.0309165241334384e-08,6.719032240070973e-08,-7.310099680905278e-08,5.105192059555636e-07,1.3563595802561466e-07,1.6931397278218377e-06,3.4747847271289035e-06,7.28139189480823e-06,-1.116908334154889e-05,-1.748647301168193e-05,-1.4197833359170903e-05,-4.45912574522324e-06,2.0688666227487408e-06,7.348347101097052e-07,-8.958568545303922e-07,-2.5281916168474335e-06,-2.4606586931685553e-06,-2.0069112451304518e-06,3.082945985912296e-06,4.62420528314293e-06,4.136687370675041e-06,3.382723154551858e-06,1.0122017053504819e-06,7.916133502538788e-07,3.3771976002206697e-06,2.5411532487393058e-06,1.0045931677879983e-06,6.48502218630244e-07,-5.6012841128320905e-09,-1.5396781595589265e-06,-3.811428866081669e-06
2024-02-17 06:00:00,1.6720358833572099e-07,8.289190515574499e-08,-2.24306610384475e-08,9.3764550583109e-08,7.087260727105893e-07,1.3361738658504875e-07,2.290224993714822e-06,1.8858847262054892e-08,4.8608503262788694e-06,-1.1539051815248744e-05,-1.7916886290974716e-05,-1.3309410704867838e-05,-2.9282175737041464e-06,3.292640322907523e-06,1.0314858015893158e-06,-2.692210415398085e-07,-1.5429608362969339e-06,-2.9256211308854003e-06,-3.4120432139838907e-06,3.955925886359861e-06,5.380074282464454e-06,2.2668698720275267e-06,1.5226415993836588e-06,9.400787255248415e-07,4.6807689895132384e-07,4.419235174052483e-08,3.7913585634538557e-07,1.4152292759901788e-07,2.605712123606398e-07,-9.836385299447976e-07,-3.0285304348605117e-06,-5.997302268248991e-06
2024-02-17 09:00:00,5.837932540380881e-08,6.802418703018544e-08,1.0993461830490891e-07,-7.888810174241954e-08,1.9180705439514362e-07,1.366839205806259e-07,1.9045772750118536e-06,-1.4592994057772857e-06,-7.604459774906101e-07,-1.0072534997054807e-05,-1.4588334168302775e-05,-1.1241757754217374e-05,-2.5003751430041724e-06,3.3427839033698554e-06,2.1678277343993225e-07,-8.094802849039782e-07,-1.3996944451997392e-06,-2.8953148846104937e-06,-2.8842844208311006e-06,3.5694356109348324e-06,3.8038508308886687e-06,8.472211512911391e-07,2.498825236678303e-07,1.5675236200062883e-07,5.370103662461455e-07,1.528009442713199e-06,8.41163857658809e-08,-7.899130977401014e-07,-7.665533739776405e-08,-9.898558117155753e-07,-3.851823306774775e-06,-8.200979464834049e-06
2024-02-17 12:00:00,4.0917201921732824e-07,9.526880632735384e-08,-5.9344086960009725e-08,5.263219841591428e-08,-2.516897394791199e-07,-1.047547423689557e-07,2.369449724688541e-07,-2.0354070995481134e-06,4.96859434434075e-07,-1.3165208745630945e-06,-7.84748765562237e-06,-5.589837992635741e-06,-2.598983253077498e-06,2.3661760490508602e-06,1.5868081151176144e-07,4.510943924069576e-07,8.918973146053842e-07,4.645840010681441e-07,-9.238026715513113e-07,4.618479302901492e-07,2.0281694701535962e-07,6.9814985896498e-07,1.3390055165254987e-06,4.520978140242461e-07,7.297564404158589e-07,9.505960685520933e-07,7.127415159562637e-07,8.728345600010315e-07,-4.540510787911834e-07,-1.8664895361897508e-06,-4.863864485986781e-06,-1.1121109972734858e-05
2024-02-17 15:00:00,1.5109353659815193e-07,1.1928487182125806e-07,8.184039950906356e-08,2.4713256529311094e-08,-2.0832638348195727e-07,3.769064518995109e-07,-6.019599154132035e-07,-1.506382291293261e-06,3.708729012096067e-06,-4.3477621655248275e-06,-9.537227293441356e-06,-3.193655139291587e-06,4.520487744885613e-06,1.2347535321907969e-05,6.622931744912451e-06,2.6127193612647357e-06,1.9942162758620744e-07,5.359977943243979e-07,-1.064271022825153e-06,6.731819951314014e-07,9.931358166960309e-07,8.307703007278923e-07,7.383273644482442e-07,6.594463077055784e-07,5.319225199359459e-07,7.056838885990504e-07,7.498026868200009e-07,2.3905168440024076e-06,1.4124370416432572e-06,-1.3318181613081407e-06,-2.7085899975464364e-06,-5.054060306731615e-06
2024-02-17 18:00:00,-9.093003288516334e-08,5.8831287549389396e-08,8.611287433247907e-08,-3.712188046574117e-08,-3.054463353437836e-07,7.51077149052784e-08,-1.2655456943041974e-06,-4.493711328813971e-06,4.371966581640274e-06,-4.2304727450874664e-06,-1.095814130386619e-05,-6.218933868559018e-06,6.363335102101668e-06,8.548297711197674e-06,3.5565892457892346e-06,1.947943029714012e-08,-3.940557542555465e-07,1.2582079353726936e-07,1.9007300952990224e-07,-4.476779514032584e-07,6.717638277641095e-08,4.2077058340040923e-07,3.206840141313567e-07,5.328267593489417e-07,2.833687661197345e-07,8.477634836118615e-07,1.3498424001139145e-06,2.480324177050129e-06,1.6262354928890843e-06,-5.131167470286785e-07,9.830584329768955e-07,4.053997195012373e-06
2024-02-17 21:00:00,2.0818903378616468e-07,2.4524550340695835e-07,1.3033537289454055e-07,-6.511266310198695e-08,-2.3295609575211683e-07,-1.6161084954099977e-07,-8.838943563747409e-07,-4.97358475795374e-06,2.9094473839731376e-06,6.717616422034065e-07,-6.129287398837022e-06,-2.889561846532496e-06,2.570879782117109e-06,2.2545870278570826e-06,-3.135431876191562e-07,-9.2100937794129e-07,-1.040417511557706e-06,-7.312931151441655e-07,3.062649472077153e-07,1.307459719329527e-07,8.530740612619571e-07,1.7706576193479897e-06,1.651230059410476e-06,1.296225031328548e-06,9.965230692594136e-07,7.85362392731949e-07,1.064790818885002e-06,2.7877423987755254e-06,3.1130639487730916e-06,-1.10205096230169e-07,-1.5934312951346092e-06,-1.3342229757881412e-06
2024-02-18 00:00:00,1.9357015079653832e-07,1.6750412902562294e-07,-4.6401604843162695e-08,5.761749899398576e-08,-3.2988059651348406e-07,8.351761768966225e-07,-9.791969836196436e-07,-9.298024192713638e-07,-1.694729444400025e-06,-3.5111881621762254e-08,-8.53115554025605e-06,-6.7592576970488916e-06,2.470826607948552e-06,-1.587357393105498e-07,-1.0793606130350906e-06,-4.2671275293586316e-07,-1.0808017469212742e-06,2.396221432109665e-07,4.1174052990841956e-07,1.33414268259314e-07,-9.998641769793038e-08,1.511062529492721e-07,4.5240249126283833e-07,6.371389734325971e-07,7.534053502319692e-07,8.36788999223994e-07,8.046689878576981e-07,1.4891220308799958e-06,2.2050616974212555e-06,-6.483501464553414e-07,-3.5532247787122323e-06,-6.925006772474383e-06
2024-02-18 03:00:00,5.5577331074024543e-08,6.130170893570667e-08,-2.2711256950569326e-07,4.211330303043134e-08,1.8053738236585564e-07,-9.926974754929125e-08,-1.3138898007996572e-06,1.026927521704751e-06,-1.0529604060808161e-06,-7.417500119958323e-07,-8.637285686666134e-06,-3.4403021914486707e-06,3.669151633117996e-06,1.1324060160717947e-06,4.0561777540440485e-07,-2.2141114740144258e-07,-1.232397150250213e-06,-3.047941700416303e-08,5.763407649193763e-07,6.964720451091984e-07,3.461138349218788e-07,1.2017080625861746e-06,1.481327325848356e-06,5.929713064850529e-07,1.801594060171006e-07,4.910873104828562e-07,7.867724438082842e-07,-1.4899554630876512e-07,-1.090712012440588e-06,-2.056850821703377e-06,-4.3041712620306935e-06,-9.14579674248626e-06
2024-02-18 06:00:00,-1.54073516410408e-07,3.73068777883814e-08,-1.1896650555549307e-08,-6.382189814527383e-08,1.4533961857945e-07,-6.647394355989442e-07,-1.0791320272181324e-06,1.3463039464023485e-06,-3.978589709449846e-06,-2.581435671104022e-07,-1.0879858125602822e-05,-5.995209074811889e-06,5.281400858533246e-06,7.09945240403057e-07,2.309705397063674e-07,1.3869418832776953e-06,1.3380530503536042e-08,-3.559855147662384e-08,-1.8544380078371604e-08,5.952773625603672e-08,3.1358469033817187e-07,7.154009057599281e-07,6.512430115820091e-07,4.961554494803758e-07,3.744680043812386e-07,-5.967552550240868e-08,-2.2930819789620642e-07,-3.917222227754739e-07,4.393527061583178e-07,-2.3189157252343098e-06,-4.389546443612236e-06,-8.072154233775631e-06
2024-02-18 09:00:00,7.983698129565109e-08,1.753909611170401e-07,4.7138422698609274e-08,-1.8393658292767052e-07,-7.95076519345053e-08,-5.54388392834515e-07,-5.123115591794742e-06,1.671253930624066e-07,-1.3404384574808216e-06,-2.3696792350159194e-07,-1.178866512545311e-05,-1.1429538356552619e-05,7.196841401983835e-06,4.662055025347924e-06,7.02073184314756e-06,4.357947380457257e-06,9.604445497835083e-07,2.660997995615194e-07,-1.049429845164074e-07,3.5957528578045027e-07,6.226108059334114e-08,6.872641738760697e-07,7.946059262912202e-07,7.53630459781496e-07,8.191506113650833e-07,6.2789763126905e-07,2.896893825846842e-07,1.1337886385855688e-06,2.794128020800284e-07,-2.208256994434864e-06,-2.643944325180091e-06,-5.404469761335855e-06
2024-02-18 12:00:00,-1.9331354680922794e-07,1.387999381488273e-07,-7.506598994878607e-09,-1.2377325705651701e-07,-3.995672461544908e-08,-1.0139824677215465e-06,-5.942786865753777e-06,-4.910999799227259e-06,-1.7655333420123073e-06,-3.8088176999935076e-06,-1.3278905247615015e-05,-8.766141755360475e-06,7.42365561313675e-06,4.737107525389346e-06,4.521528883086701e-06,3.147568262659079e-06,1.6057382184959002e-06,2.9106009815204935e-07,1.5389960160749166e-07,1.0069894051432306e-06,4.2162318010556967e-07,7.333974389123435e-07,6.036932480624057e-07,1.0801492609481787e-07,-6.032002480433442e-08,-7.804406538138252e-08,5.312859310913946e-07,-2.964672018071065e-07,-5.715721605483541e-08,-1.324683970271181e-07,-1.598456857592337e-06,-2.122455074585553e-06
2024-02-18 15:00:00,8.082780298169455e-08,-1.1913501579997045e-07,-2.5061100848429087e-08,-1.5798242747584985e-07,1.3601222616655986e-07,-1.091553299185715e-06,-7.663735622565108e-06,-4.618081194570188e-06,-7.523770567013082e-06,-9.421274150499167e-06,-1.4588352789306579e-05,-6.172427183280474e-06,9.332572305553242e-07,6.381949441924578e-06,2.104423465788073e-06,3.7275973270850746e-06,2.5375459715964872e-06,1.1693764444136027e-06,-4.6177861506695277e-07,-2.4691351592992266e-07,2.750491549661437e-07,2.975098204391173e-07,4.6465661489445724e-07,4.071721570825621e-07,-1.3937743378425619e-07,-2.505220004271759e-07,-4.6130737515155357e-07,-5.741004243714158e-07,-1.046292235548637e-06,2.4600164871732296e-06,5.595256719928817e-06,1.0635802114400784e-05
2024-02-18 18:00:00,-6.169197703246531e-08,5.1445379658962e-08,1.4220068278790465e-07,3.257640293127347e-08,-2.0771388109919417e-07,-4.544850865848611e-07,-8.950649961631708e-06,-6.524994289515587e-06,-5.3971822678934325e-06,-7.157306304064953e-06,-1.2900735612770013e-05,-1.5070872597774161e-05,1.0658912366523973e-06,5.923916654936902e-06,3.6287603929523744e-06,6.16858504620059e-06,1.0709301752828284e-06,-2.461787163534368e-07,3.943984836483871e-08,-9.27521972882445e-08,3.4180200358795984e-07,3.349006452238933e-07,2.481638225247898e-07,1.1173083380822535e-07,1.6548224358886155e-07,-3.6359583825723834e-08,-1.7644694321447104e-07,1.29237438012514e-07,1.0913462564032268e-06,4.861768199169575e-06,8.843523584495685e-06,1.540504693704268e-05
2024-02-18 21:00:00,1.6844110522606868e-07,-4.913178283462718e-08,-7.106571296690338e-08,6.446083100435221e-08,-1.29589456055562e-07,-2.1452515204317061e-07,-9.144678513246296e-06,-9.177784397733909e-06,3.2173805343303282e-06,2.9400886492740603e-06,-1.3149203446398385e-05,-9.352878582023065e-06,3.3980960081074974e-06,2.8537792199226368e-06,3.513848178310025e-06,5.5823181448508044e-06,-1.1572568852095762e-06,-1.022753424340989e-06,-5.271113311889164e-07,-6.745644446483371e-07,3.3748366436559295e-07,8.161092112699364e-07,2.6043242635604254e-07,-2.2895573087279395e-07,-1.7352410622693823e-07,-6.146199064621032e-08,9.334577749943083e-07,-2.1433133124813293e-07,1.7120358816713057e-06,2.079385820181735e-06,3.3567496677228476e-06,5.24628083255107e-06
2024-02-19 00:00:00,2.786398582770291e-07,-9.862666442732031e-10,-4.954485236096741e-07,4.5564959814906504e-08,-3.298633998386807e-07,8.951245176016179e-08,-6.942238145214986e-06,-1.3721599914676271e-05,-5.730356380731206e-06,3.2345028953311087e-06,-4.827525828646503e-06,-1.8495328082094575e-06,-1.5903742444280428e-06,-8.195169765490669e-07,-6.061254670048368e-07,1.7926844019925905e-06,8.162685605272172e-07,8.486162227627231e-07,-5.065708317940715e-07,-2.8303045308909115e-07,-3.631976235559989e-08,-4.7290966717503965e-07,-4.945556837998233e-07,-5.312237599695302e-07,-7.784552722864707e-07,-2.1581302046477515e-07,-1.1747414390321072e-06,-2.9439294240268856e-06,-1.8554512331576945e-06,6.943688068635269e-07,5.217551270881754e-07,-2.0266260921864315e-06
2024-02-19 03:00:00,3.4248349436884786e-07,-1.6615950840857266e-07,1.942769974516784e-08,3.3514787807465776e-08,1.2152825363539625e-07,-1.2137392787346957e-06,-5.5989115043836976e-06,-1.4967919287647901e-05,1.3124274254622964e-06,8.050039218893936e-06,4.990606047763331e-06,-1.256382694682704e-07,-1.5103472491848573e-06,-3.3609412789156637e-07,-3.323720403755906e-07,1.4662669765067863e-06,3.6843662680376357e-07,2.9029406382460336e-07,-3.6582189188890375e-07,1.280636827343079e-07,-9.044001348145284e-08,-1.107295994720958e-07,-3.5029895320289623e-07,-6.327507584277716e-07,-8.204065190187862e-07,-5.558436274493792e-07,-2.207731713653977e-06,-6.2532133396418976e-06,-3.581825769957281e-06,-2.050731197314694e-06,-3.4028204387210902e-06,-7.045871819393655e-06
2024-02-19 06:00:00,5.854584242313265e-08,1.1101065396091054e-07,5.620788996877023e-08,1.5634168797189515e-07,1.4088786736099613e-07,-1.137210146955999e-06,-6.2667021550207455e-06,-1.603945484141621e-05,6.634488022642672e-06,1.099822503892397e-05,1.0538035154390885e-05,8.262870295624408e-07,-2.2108544026058054e-06,1.6341548414993004e-06,-4.464614281028233e-08,1.5826261115650875e-06,1.127828999247175e-06,-3.37360094884273e-09,-7.022601647386467e-07,7.31217864166713e-07,-9.972527056949387e-08,-8.363482028954389e-07,-8.977856932124312e-07,-9.538783217376438e-07,-1.1167752318999745e-06,-1.5548690571112354e-06,-3.6873519511590143e-06,-1.820101171060118e-06,-4.256320024886776e-06,-3.7344443505794734e-06,-4.299264072817724e-06,-6.608800095086466e-06
2024-02-19 09:00:00,2.757795961444245e-07,1.5965084505490745e-08,-1.2192796119723399e-08,-8.112160926721395e-08,3.9651550770756184e-07,-6.779412671663569e-07,-5.035040205004663e-06,-1.2215628430355264e-05,2.1587976057826185e-05,1.513439494599757e-05,9.350427673131606e-06,2.514586664905602e-06,1.8143665438963578e-06,3.6044113129136166e-06,2.233608715943149e-06,2.1927260743473747e-06,2.79655848588548e-07,1.4727010558269597e-07,4.1963028083521474e-07,1.0267921523124912e-06,-2.416162110565369e-07,-5.182336329109961e-07,-4.5968532777442475e-07,-5.787013133170161e-07,-6.308971231344155e-07,-1.2492010071180624e-06,-2.066322606821444e-06,-4.337867242191044e-06,-5.5928967970576325e-06,-4.411660116645103e-06,-3.8884793833808256e-06,-4.792807043230426e-06
2024-02-19 12:00:00,8.783242583059692e-08,2.692236773056827e-07,6.677545791696281e-08,3.938843335637738e-09,7.228519931263205e-07,-7.564277756759212e-08,-4.580530590718042e-06,-5.625157833079461e-06,2.5386257861474202e-05,7.132833022597412e-06,4.761741520186814e-06,1.4013661869636914e-05,-1.0547938880229426e-06,-3.5829230433159525e-06,-3.583551410658532e-07,1.220521040633186e-06,1.5334056047026253e-06,1.5214145867501054e-06,4.686655481263136e-07,-2.4130969902529606e-07,-1.0535368457004224e-06,-2.9230659597646555e-07,5.9040228806765065e-08,-2.225710745631563e-08,-4.5028884778597817e-07,-1.0826547299539863e-06,-3.2797919123331404e-07,7.573876167749713e-07,-3.338429501688085e-06,-3.043469551745594e-06,-2.7402346223844687e-06,-2.273309923090342e-06
2024-02-19 15:00:00,-4.8889777587396486e-08,2.878243955931833e-07,2.961383741149321e-07,9.688659395370935e-08,-1.6358275158097255e-07,2.2941551907840068e-07,-5.728809948079787e-06,8.423110212150003e-06,2.5027536525579735e-05,4.229667076127665e-06,1.3101451251846139e-06,1.61942157571626e-05,3.7572618943542826e-06,1.3608519348709293e-06,2.217190083860384e-06,1.312763909566393e-06,1.971940938009501e-06,2.1424846768373693e-06,1.1875551914532575e-06,1.0822270827562651e-07,-1.5108536011496897e-06,-5.184547611987378e-07,-1.2316120252659172e-07,1.0892680325160668e-07,4.0697856018993594e-07,1.5956908791124795e-06,5.088725905901645e-06,3.856539634216887e-06,-7.195464055734775e-07,-7.791550087894778e-07,2.276219852866233e-06,6.4417261066949026e-06
2024-02-19 18:00:00,7.493046049544292e-08,-2.447344430765539e-07,3.4705295799848504e-07,1.4998105115752886e-07,1.7210681835347428e-07,2.78020410485339e-07,-8.470845214768446e-06,-3.333038442923421e-06,1.4387311791484945e-05,7.441378630097661e-07,-1.493809606046116e-05,6.247698060962758e-07,-1.1836117950539993e-06,-1.0226254135425948e-07,1.9949547310195027e-06,1.976470751378914e-06,3.292836660496708e-06,2.893386075949155e-06,2.4412534757441516e-06,8.641659146834733e-07,3.2628638812947276e-07,5.074722920550712e-07,5.045363660468707e-07,4.5932702606416135e-07,7.213404034823429e-07,1.1867609574910527e-06,1.8011377219876783e-06,1.0015422619352825e-06,-1.4925670647112026e-06,-2.048619273260956e-06,1.2421183644249124e-06,6.337106536062956e-06
2024-02-19 21:00:00,8.162821561637785e-08,-4.294033460271199e-08,-1.2129480490439805e-07,3.774161463915297e-08,-8.066047251576093e-08,2.0327031274258427e-07,-1.131811752656183e-06,-1.3080894577171114e-05,2.9986240922895215e-06,2.736658826483426e-06,-1.6294994453957153e-05,-8.341930380279349e-06,-2.059711198477495e-06,-4.97443025856396e-06,-1.5611729834186063e-07,4.36822623007892e-06,4.0533218793173105e-06,1.918530324539602e-06,1.2537776024411829e-06,1.4102213179871498e-06,2.0594829425871625e-06,1.616998607502718e-06,1.23179980376235e-06,1.0509961323002767e-06,7.474067894299637e-07,2.535509957191963e-07,5.584259422987323e-07,1.7355897562203243e-06,-1.2374811017887354e-06,-3.5440556414810724e-06,-3.115361815880293e-06,-4.6276465711064866e-07
2024-02-20 00:00:00,9.989842619453845e-08,2.076314446960941e-07,1.0191448501638546e-08,3.73584053126771e-07,1.1989423565131305e-07,-7.271077777214226e-07,1.2877186980859262e-06,-9.203677715238995e-06,1.116462802544146e-05,3.090201615251706e-06,-9.52765008927508e-06,-6.192985679844331e-06,-3.6947752602850984e-06,-1.936862802387208e-06,1.3235978104735658e-06,2.1687977330985256e-06,3.4694722619438417e-06,2.507710708929242e-06,1.2941679356397819e-06,1.756884122805754e-07,7.201213839632298e-07,9.689340960805937e-07,8.40858697741141e-07,5.210513540762635e-07,2.0936875496163842e-07,3.263718652367735e-07,3.5497489687795217e-07,4.293533132605969e-07,-8.948853402907401e-07,-4.413026785893085e-06,-4.8905676657515945e-06,-4.072903718520122e-06
2024-02-20 03:00:00,-2.995362247154037e-08,1.6133622647566264e-07,6.970943580416042e-08,1.5417671062671417e-07,1.5952589241588031e-07,-1.2648983992673507e-06,2.771937116107488e-07,-3.646352160800348e-06,4.384945802855721e-06,-2.8594454169973073e-06,-6.902791835980048e-06,-4.622336147357651e-06,-1.7461942256966285e-06,-9.701346845359962e-07,1.3404293406467914e-06,2.79141292097742e-06,2.919142030220669e-06,2.497425404980706e-06,1.0948179898487923e-06,6.604692623007969e-07,-1.8383538169176025e-07,-4.591585800543366e-07,-1.7895222246025876e-07,1.950115613409922e-07,7.143923839486008e-07,1.3228359419635335e-06,8.529901355130746e-08,-3.6520900335674323e-07,-2.4432269629604976e-06,-5.215558573959591e-06,-7.6056843094235025e-06,-7.7467068079314e-06
2024-02-20 06:00:00,1.753624450797532e-08,-5.523612159813473e-08,-1.0016964951589679e-07,1.4585077774707304e-07,1.272727536680464e-07,-6.268270575722301e-07,1.0815274801173694e-06,-3.4670003999175407e-06,-2.2548411425055537e-06,-4.532362525881055e-06,-8.878999168306326e-06,-6.184658415877183e-06,-2.333053388300647e-06,-2.6850653067195706e-06,-1.1413518763216425e-06,2.204903352789408e-06,2.080791232504167e-06,1.9697153080698963e-06,9.342098781547255e-07,-8.477106263759195e-08,-1.0408293370749469e-07,-4.2175512173770076e-07,-4.970437770276925e-07,-1.9299247614639855e-07,2.7229534443427424e-07,6.030719647860193e-07,5.789153502051904e-07,5.464731392891184e-07,-2.177251557541881e-06,-5.863746078406833e-06,-7.831413190681773e-06,-8.078670342905734e-06
2024-02-20 09:00:00,5.5970302419209345e-08,-4.6915854588712126e-08,-8.37500134403701e-08,2.172272150358361e-08,-2.6862253712064785e-07,-2.1034932868152864e-06,3.090484437369488e-06,8.177924499271278e-06,4.4085388686747704e-07,-5.859847297519175e-06,-9.326404817669415e-06,-6.904591519236688e-06,-2.4635222045316947e-06,-2.20204690031139e-06,-2.303742077429154e-06,8.73217607783967e-07,2.356964114473174e-06,1.0980068427195134e-06,6.942132561579395e-07,5.536656170403965e-07,2.798332679519767e-07,-9.698680156863504e-08,-4.522241310210077e-07,-5.255434444192873e-07,-1.3405619046962643e-07,5.663390123603975e-07,6.71221416729014e-07,8.065740513207007e-07,-1.6694576638585595e-07,-4.790041072050474e-06,-6.404939398246073e-06,-6.698925565319165e-06
2024-02-20 12:00:00,2.348170581539419e-08,-2.1765465255517491e-07,5.270465209090412e-08,-8.459225886708733e-08,2.2825506000341416e-07,-2.361408877456384e-06,6.995097650443366e-06,1.1616243463500447e-05,2.1714564926586266e-06,-6.46031358603243e-06,-8.039411999539755e-06,-4.299550048497281e-06,-2.463335913810262e-06,-1.0951499929890992e-06,-2.5534108724902335e-06,-1.6085369352658754e-06,5.172415628348922e-07,3.139464212808075e-07,5.290198681666992e-07,1.2212063879197378e-06,6.856375171539204e-07,7.062650076284577e-07,3.824721579397011e-07,-6.648317328213129e-08,-4.621438229423495e-08,2.2744062523279093e-07,6.513939986612613e-07,5.849000255015414e-08,-1.828305657426232e-06,-3.6722038969056806e-06,-6.257288094302867e-06,-8.864609642877937e-06
2024-02-20 15:00:00,-4.121312346713199e-08,2.6158635443623807e-10,5.119265207378685e-08,4.739232495993641e-08,3.267033072708242e-07,4.789477029851909e-07,1.1396172936623938e-05,6.158460564428078e-06,-4.6795968611648e-06,-7.958772044550248e-06,-6.840150449461981e-06,-5.307576296283025e-06,-4.1214206063084784e-08,1.3549160867960156e-06,-2.2738776922523213e-06,-1.6929205966130478e-06,-3.3380736002156845e-08,-9.420327713015046e-09,-1.6329136967301545e-08,1.4750880647610845e-06,1.3391148599822743e-06,5.833336934098658e-07,-9.10819649807918e-08,-8.922225983791521e-07,-1.1047196691372417e-06,-9.457218855139402e-07,-5.983158455506131e-07,-2.9935168023946246e-07,-9.549841967487503e-07,-2.068311028470128e-06,-1.9496083259800992e-06,-3.4662035096924573e-06
2024-02-20 18:00:00,1.2807441189923616e-07,3.516310943557839e-08,-2.3941779501587414e-08,-7.735254428222686e-09,-1.5582911943546037e-07,6.230990831479453e-07,8.982265004249601e-06,5.68197214555171e-06,-7.094179239745657e-06,-8.08163336823418e-06,-7.970306667686443e-06,-6.829921683003804e-06,-1.3470359229315535e-06,1.2555652181262426e-06,-1.7292434076056954e-06,-1.2072579629861082e-06,-6.394953528947162e-08,4.791829627223829e-08,4.2946197815634244e-07,2.4309724939694425e-06,1.8430567191790183e-06,5.502065111513017e-07,2.0556727338862487e-07,-1.635443663034648e-07,-8.902602494235914e-07,-1.5019967599413668e-06,-1.5565601417039405e-06,-1.1196773433817039e-06,-1.6472629085470486e-06,-1.7365535625896382e-06,-2.3279587459019793e-06,-3.677062665140357e-06
2024-02-20 21:00:00,3.27632786021575e-07,9.90737526158087e-08,-1.7790924880403227e-07,2.992981265808419e-08,-7.84456002963716e-08,-5.5755175037308716e-08,9.512030276425428e-06,5.678870282601954e-06,-1.5058148059012613e-06,-3.075139641152446e-06,-2.172146536425578e-06,-9.31540990636135e-08,-3.610555354985692e-06,-3.5073508566412362e-06,-1.4262893250025014e-06,4.755155587147162e-08,1.1939826596070662e-06,4.1749698820890226e-07,1.00186606343276e-07,1.948330801045568e-06,1.479974715770843e-06,1.1100564137493895e-06,5.045596703420172e-07,-6.452413721554794e-08,-5.563839593403189e-07,-1.1052404701986018e-06,-1.4907024315768646e-06,-1.317814381197967e-06,-1.0150125333951816e-06,-2.580559967981283e-06,-4.436805735799014e-06,-5.405574083044014e-06
2024-02-21 00:00:00,-5.220453107324779e-07,-6.056767413343925e-08,8.433992869000153e-08,-9.312955914109168e-08,-1.603449167382088e-07,2.382738931717073e-06,1.0816430881187671e-05,1.538641164150629e-06,2.889992492909159e-06,-3.7514594067389087e-06,-1.4260662712174356e-06,-3.964811853342476e-06,-3.2103850708990336e-06,3.6780507540684846e-06,3.943856668580779e-06,2.328020328255249e-06,1.6290730150835886e-06,6.362448073669017e-07,4.907195643715465e-07,6.771287795629326e-07,3.6610726815826533e-07,1.3024426771227774e-06,1.4822096550134983e-06,7.41904222280474e-07,-6.298040257648844e-07,-1.1194854556999161e-06,-1.0182401316062298e-06,-1.3972938853379063e-06,-2.18724737890425e-06,-3.2701994738617863e-06,-4.549201085433812e-06,-4.963824484967844e-06
2024-02-21 03:00:00,8.999255549505312e-08,-2.7508139070863715e-07,6.060112210133216e-09,-1.8307983853860283e-07,5.2574342731144945e-08,2.038252094212172e-06,8.72825342129861e-06,-4.022103910665725e-06,-1.6151670068860697e-06,-1.5014475983655569e-05,-1.3294519984325619e-05,-8.956144169178627e-06,-1.4972417476256096e-06,5.757893862916459e-06,6.029537292011293e-06,4.717994404755647e-06,4.043414447247552e-06,2.26431658973877e-06,1.2376133423878368e-06,9.622249899611107e-08,1.3830516902130221e-07,1.0319494002132266e-06,1.1005129913942266e-06,7.942444760193793e-07,4.011247011390775e-07,-4.1043031456650853e-07,-1.7282381792338645e-06,-2.959594906842495e-06,-4.2244375517535155e-06,-4.805126320736405e-06,-6.151039433433334e-06,-6.526262115212792e-06
2024-02-21 06:00:00,1.0738524737932342e-07,2.2500648508742167e-07,3.638768834981581e-08,-2.165821437008319e-08,-1.1603327920465484e-07,4.64303235503745e-07,7.778080477571543e-06,-5.04724901729907e-06,-2.8556167324232593e-06,-2.355719751333916e-05,-3.4243469457887716e-05,-2.012376020519311e-05,-5.535750879136483e-07,8.323773768099373e-06,9.241743907852748e-06,7.74025242496203e-06,5.944541800097807e-06,3.0690793126218428e-06,1.024530103625516e-06,-1.8279679097640566e-07,3.5807062229241934e-08,6.284030261066488e-07,4.7532834779468615e-07,3.036637962970769e-07,1.4425362081417721e-07,-6.29079562399822e-07,-1.816053882400929e-06,-2.163672042010052e-06,-3.190764737903805e-06,-4.398109745581941e-06,-6.115957912440938e-06,-6.543993639527818e-06
2024-02-21 09:00:00,-5.7541136991653396e-08,8.241497782713705e-08,-1.1737070752809767e-07,2.5203398313713454e-09,-1.361475931276998e-07,-5.290941910872914e-07,2.6131809599661303e-06,-4.687938995294577e-06,3.987239853688159e-06,-2.1519703706478304e-05,-4.5570219379247243e-05,-3.512592960912058e-05,-3.1169245299671788e-06,8.04336630288457e-06,1.1671917263086078e-05,9.631040600133512e-06,6.701299663044941e-06,2.0728887745595693e-06,9.322641032252999e-08,-1.0156139380831168e-06,-2.268952305845789e-08,5.517505509727086e-07,3.359030351621452e-07,-8.77015340565295e-08,-5.191054094003851e-07,-8.927391931718876e-07,-9.82126511480184e-07,-1.8733725348839011e-06,-3.2655286324443908e-06,-4.872478559819349e-06,-5.423275598775333e-06,-5.179997585540295e-06
2024-02-21 12:00:00,-7.569131837715852e-08,1.04949316015067e-07,2.535541584273456e-08,-2.999059311134452e-08,1.8559879766220136e-07,-2.205687222649206e-06,-1.158853640411476e-06,-1.3567559600260628e-05,-9.050189648057003e-07,-2.753129981491848e-05,-5.34754674015e-05,-3.362722983878114e-05,-3.07806463944041e-06,4.590634581844968e-06,7.912397269500853e-06,1.1042073060321055e-05,6.835086922281064e-06,2.5054568185940338e-06,-1.6396184743335246e-09,-7.708618291902028e-07,6.453725489196617e-07,5.277276997644525e-07,-1.4509080095853465e-08,-2.7711506729818935e-07,-3.6691168741638337e-07,-3.448776566831376e-07,-9.655627232989729e-07,-1.3842802862867936e-06,-2.9111535916023265e-06,-3.976824398267456e-06,-4.345863697886553e-06,-4.517620495124952e-06
2024-02-21 15:00:00,5.389134340606306e-08,9.454680575499158e-08,1.2436589715511496e-07,-6.189327922319975e-08,1.012436377086858e-07,-1.2415927872501315e-06,-3.2057412297381566e-07,-4.5738686356285774e-06,-5.391206947866036e-06,-2.7514918731511584e-05,-5.597117020780591e-05,-3.392447506404566e-05,-2.97457325494793e-06,5.519857351997686e-06,5.379204340324264e-06,5.924447496693975e-06,5.979955457478166e-06,3.071725593339997e-06,2.8937632256926995e-07,2.1268640447943326e-07,5.824436872694896e-07,2.0263130522964062e-07,-3.233954098066982e-08,-3.7757349811376774e-07,-9.758808517100137e-07,-1.7524738675076714e-06,-2.957776123706619e-06,-3.686333230157207e-06,-4.4999126241963955e-06,-2.7664872618613414e-06,-2.7347803408723746e-07,9.99968599697236e-07
2024-02-21 18:00:00,8.438608985353006e-08,1.6041051794167648e-07,-1.656873114592025e-07,-3.434433148303627e-08,1.4776296003744165e-07,5.48795414654418e-07,-6.668146314339409e-06,-1.9570532381554816e-05,-1.5344156821020976e-05,-2.3324983530688864e-05,-4.33627492025914e-05,-2.771098433196479e-05,-4.715496862915696e-07,1.862476995029033e-06,1.2518533387723066e-06,2.030255908682964e-06,3.6410988560101447e-06,2.1901167377113625e-06,-5.745048402544529e-08,6.375139284451679e-07,1.3710995936590696e-06,4.5419036405493757e-07,5.654946788702284e-09,-2.331636063930467e-07,-6.663166353764746e-07,-1.1445497670046515e-06,-1.5989272391461363e-06,-1.9722709753310603e-06,-3.0252061113647774e-06,-2.5476355134308056e-06,-3.2107361412528113e-07,1.2745028200255447e-06
2024-02-21 21:00:00,2.9410803493687215e-08,1.7096371786874036e-07,7.993871376406802e-08,1.814371667276481e-08,-6.143999319377785e-08,-1.6906115968692677e-06,-5.882528768475267e-07,-1.6441972061876956e-05,-5.599358564177007e-06,1.913942284351764e-06,-1.743963912148517e-05,-1.1476764995778775e-05,-3.2303249447475753e-06,-4.923691364557533e-06,-2.477144487248351e-06,2.4004476301175755e-06,2.653897779209991e-06,1.7943354888880894e-06,-1.9962056951015837e-07,-6.522487841263842e-07,1.1968149232659348e-06,1.0957095931224993e-06,5.971458119689017e-07,2.2431161987268256e-07,-2.096245483768731e-07,-3.880497007790844e-07,-1.0463039908027637e-06,-2.242592529579504e-06,-3.5976111025205593e-06,-3.1141634511046923e-06,-2.602243631330615e-06,-1.7352685924091818e-06
2024-02-22 00:00:00,-3.937489393204254e-07,-5.889985397987866e-08,1.873698544139827e-07,-4.469197603297333e-08,-2.4355387186322198e-08,5.981516199489659e-07,-3.183064279614847e-06,-1.7525106290007715e-05,-1.016754234671586e-05,4.0387980260856854e-06,-1.0104445059172132e-05,-1.3175572286793384e-05,-6.801087681685107e-06,-4.185448534271075e-06,-1.7088237953510622e-06,2.182269381279532e-07,6.462900381979765e-07,1.3751723634905623e-06,7.498981886448375e-07,-8.920628230155534e-07,-8.860587722742625e-07,-2.90640540618731e-07,-2.663046708325022e-07,-2.8819655992663346e-07,-4.4018314822991915e-07,-2.3109609428024214e-07,-3.064345426858304e-07,-1.220113121224463e-06,-2.2831984067971503e-06,-2.3098240520721624e-06,-2.9823189349069856e-06,-2.512384320620254e-06
2024-02-22 03:00:00,-4.258471210962825e-07,-2.835838825086865e-07,-6.226412021189794e-08,-8.587636481004818e-08,-1.317131270159372e-07,1.1670413057159764e-06,-5.985639401047855e-06,-1.9974546730978696e-05,-1.227686921519982e-05,2.2088026222008454e-06,-3.7125477799335076e-06,-1.0105427663354197e-05,-7.220600791654744e-06,-4.949121661424201e-06,-3.411593874331444e-06,-1.0244257007150588e-06,1.0109162151158597e-06,3.1438789107130828e-06,1.7548258727639663e-06,-1.040135881346971e-06,-7.70575007667054e-07,6.905698298530016e-07,6.142830382286249e-07,3.0127772732036916e-07,-6.291963814177002e-08,-4.1269242749978564e-07,-4.4605386791134615e-07,-1.6013340333481023e-06,-2.446712436514943e-06,-2.5800937055334067e-06,-3.3774278536425175e-06,-2.898498515726444e-06
2024-02-22 06:00:00,6.513738922093517e-08,5.533973202152202e-08,1.0989916292987687e-07,3.192131514813281e-07,-1.943652448236123e-07,-7.905502858515373e-07,-9.185849191327108e-06,-1.1588654324253622e-05,-8.380778342439363e-06,6.4518873656316695e-06,-4.578093993926536e-06,-1.061355540134931e-05,-9.905981843756098e-06,-5.485243649516876e-06,-4.293984547008339e-06,-2.017174791528019e-06,1.8841371406529473e-06,3.509208254300296e-06,2.096555915585928e-06,-5.763254523659022e-07,-3.704000490502091e-08,-7.246240566579221e-08,-3.8055315309160365e-07,-5.04052496457527e-07,-1.462881581563118e-06,-7.641298739291606e-07,-8.454907961504342e-07,-2.143149514712093e-06,-2.5060476121483863e-06,-2.400754641746918e-06,-3.1808413475487006e-06,-2.9412084091524335e-06
2024-02-22 09:00:00,5.96842215487011e-08,-5.690068691642219e-08,2.6435307319534252e-08,2.3387212620548813e-07,7.195478352501354e-08,9.65056389012508e-07,-9.266030333386582e-06,-2.215305039879511e-05,2.0043567107131438e-07,5.915138028076334e-06,-7.716990618330216e-06,-1.2958047706753092e-05,-9.87850955142699e-06,-5.276786043912629e-06,-3.882382099208789e-06,-4.7516833989569234e-07,2.5470701978561567e-06,3.9700465349517395e-06,2.1402002978795683e-06,-1.8306430293332319e-06,-9.234257755429052e-07,-6.875156757950752e-07,-1.1873829920738193e-06,-1.1751435200868877e-06,-1.3516840017204127e-06,-4.0034379591104444e-07,-8.054431251774106e-07,-1.7899508640529407e-06,-1.994092391702674e-06,-1.7915910313691034e-06,-2.470998355667355e-06,-3.119477662353331e-06
2024-02-22 12:00:00,-8.367437114076766e-08,-4.4869801301557305e-08,4.2697726157523235e-08,-1.2055742357691304e-07,-2.3035878699378633e-07,5.957402529491747e-07,-2.8318823296028855e-06,-3.575776921029566e-05,-1.053809119677804e-05,-1.4257016295057657e-06,-1.0091267906716599e-05,-1.3190074303027941e-05,-7.202206136193956e-06,-3.540131507343646e-06,-3.6064356164865085e-06,-2.732285935707452e-06,-4.5526151130281903e-07,2.4362859911488436e-06,2.3069737606546385e-06,-1.3586066617141393e-06,-2.14772668217614e-06,-1.6561452345311264e-06,-1.9929736869102985e-06,-1.9265320498861674e-06,-2.2612904778350046e-06,-3.802841698765576e-07,1.0057229164880766e-07,-1.521008888073821e-07,-8.293809228242246e-07,-1.1430244888469743e-06,-1.8340108179118065e-06,-2.0409455409079976e-06
2024-02-22 15:00:00,7.923738686047235e-08,2.3400562283644807e-07,3.7820192336909776e-07,-6.961084369672446e-08,1.4308220100890284e-07,-2.4686491848922044e-06,-2.459063188327236e-06,-2.4529908790106596e-05,-8.780704315860136e-06,5.5756671895940176e-06,-8.924036064131463e-06,-1.2002221390036508e-05,-5.223285684194687e-06,-1.9035027781211522e-06,-8.1932970219777e-07,-1.3461430902775767e-06,-4.706055632531424e-07,1.9952681967292505e-06,1.725042688592532e-06,-2.8957130993542147e-07,-8.789674992612649e-07,-8.642214363472466e-07,-9.082959916192461e-07,-1.6266788490436432e-06,-2.0381125565745618e-06,-5.079586255667865e-07,-1.0609890925940565e-06,-1.6079983775401898e-06,-1.262360318449125e-06,-7.932552692945606e-07,-3.030750332067403e-07,6.750663082831649e-08
2024-02-22 18:00:00,-4.4657532826603056e-07,6.589069804381059e-07,2.548302090401975e-07,2.4416284919274525e-07,-1.0053861694699464e-08,-3.0838212063345806e-07,-6.012118017679491e-06,-2.5746780221814416e-05,-4.033048357634848e-06,-3.1027950162232405e-06,-1.63681713627923e-05,-9.92621840738647e-06,-2.074622815829601e-06,-1.6543729550953471e-06,-3.387789162169782e-07,-6.616758970262102e-07,-7.213101806142558e-07,3.890849434220762e-07,1.515929448640634e-06,-6.133705708286632e-07,1.1552212365396152e-07,6.015451281761033e-08,-4.775071778603595e-07,-1.3823400338047458e-06,-2.352807681825884e-06,-1.6330181275254542e-06,-1.4658755411537137e-06,-9.878737339557653e-07,-7.127741908454937e-07,-2.157657901188867e-07,1.0609776430080748e-06,1.7241157469651766e-06
2024-02-22 21:00:00,4.4693960722451265e-07,-1.7061903773234093e-07,3.7454575275430086e-07,-1.457815612548202e-07,1.6596629581772635e-07,-8.723121617990121e-08,-1.6385968478393546e-06,-4.027660513226059e-05,-2.8873636077828066e-05,-7.582266290036391e-07,-5.7424178995908894e-06,-5.983133782254482e-06,-1.8205814387811037e-06,-1.7203000809905931e-06,-8.295264661589317e-08,-6.729658063298995e-07,-8.84443416374226e-07,2.4105051427770946e-07,9.13680223704837e-07,2.438573852495665e-07,7.021573256852593e-07,2.9978073031268693e-07,2.854315454099988e-07,2.720190299943018e-07,-1.1220033516569347e-08,-1.8415087887228107e-07,-1.1903131812158076e-06,-1.40603871622065e-06,-1.0871950547140846e-06,-4.55230832949773e-07,1.683226011649946e-07,8.460635711312707e-07
