time,1000.0,2000.0,3000.0,5000.0,7000.0,10000.0,12500.0,15000.0,17500.0,20000.0,22500.0,25000.0,30000.0,35000.0,40000.0,45000.0,50000.0,55000.0,60000.0,65000.0,70000.0,75000.0,77500.0,80000.0,82500.0,85000.0,87500.0,90000.0,92500.0,95000.0,97500.0,100000.0
2024-02-14 09:00:00,-9.050861005132998e-06,-1.7278919722563786e-06,-1.0546158159058648e-05,-4.286973613867462e-05,-7.549937852863364e-05,-2.726811748342392e-05,-3.6172707880326335e-05,-3.251583324879247e-05,3.3485458348647924e-05,-3.342644836982581e-05,-9.120067673071303e-05,1.552536772146298e-05,8.712436294022864e-05,0.00015538365129942605,0.00019508669474837574,0.00017269038788602576,8.38576441752386e-05,-3.680975032252931e-05,-0.00010518089258599174,-1.6454845935433297e-05,-1.38919974979524e-05,1.1832921779507873e-06,7.534009510631986e-06,1.2197825438814958e-05,2.533225098807133e-05,1.615310920257623e-05,1.6427853910312248e-05,-1.358892452695032e-05,-3.27936901266126e-05,-1.8297821024031718e-05,-2.5437972610108965e-05,-0.00022975890161022394
2024-02-14 12:00:00,-5.580559567477327e-06,-1.1283356222624517e-05,-9.667817947496346e-06,9.47744314460692e-06,9.366160734065738e-06,6.480450476571999e-06,-2.446078338779047e-05,-5.281211156140729e-05,-8.429251786255175e-05,-4.47814608308842e-06,6.469777613452149e-05,0.00014055489892415566,0.0003263354396675025,0.00046925387608261605,0.00037952869005728916,0.0002568340773575287,0.00014668227673067045,-1.7455932249504618e-05,-3.066968612502549e-05,-8.329378199120707e-06,-2.0873875286875668e-05,-8.479532117387396e-06,-6.704204527514221e-06,-2.6382008700084673e-06,1.953177497253996e-05,6.255511033714452e-05,-1.7192294484444283e-06,-7.389369297301302e-05,-9.028149510068064e-05,-8.546448391790971e-05,-0.00014559592906257044,-0.0004168109735042097
2024-02-14 15:00:00,-2.704477494117286e-06,1.8334868341331268e-05,-5.57534634012491e-06,-3.5681214579266715e-05,-1.9002190805474084e-05,1.0816118434841206e-05,1.6729618538501195e-05,1.9978875410434617e-05,-4.5655163357231987e-05,-4.048492970616533e-05,2.8312806606403373e-05,0.00020200907837456637,0.0006252179745428231,0.0006997343310931247,0.0005397631727184598,0.0002587694787019003,7.640094009620017e-05,-1.6380460294668604e-05,-1.83309463606958e-05,4.4728743925468864e-05,1.5005340938783335e-06,3.138125251600513e-05,2.0318994106779535e-05,5.952711758172016e-06,-7.25639539513109e-06,-2.024563783560918e-05,-6.596446592006897e-05,-0.00010292431099688615,-8.456287629674656e-05,-6.987335989532075e-05,-0.00013524069158823748,-0.00041959103549555515
2024-02-14 18:00:00,-3.894613867830876e-06,-3.609038684523441e-05,-2.3230976299902358e-05,3.2235865833124434e-05,-8.032812155562801e-06,-1.2264702304658673e-05,-1.4066405427654331e-05,-0.00010177528117241305,-3.5474575663585587e-06,-1.321756762762136e-05,3.9671740489743857e-05,0.00017487901541163545,0.00045402811529823785,0.000492576152650636,0.00034123480445732226,0.00018589414168831536,1.7916551498601262e-05,-7.958784557770971e-05,-7.607193669701453e-05,1.0203348537555205e-05,-2.3962432175878684e-06,-2.0860583713321277e-05,-2.4851738484122896e-05,-2.634869558488902e-05,-1.6042489938209086e-05,1.4645262653599771e-05,-7.407055238782348e-06,-3.311454628151496e-05,-3.386338853992617e-05,-3.751559161581358e-05,-9.969863034439798e-05,-0.00036920052997419954
2024-02-14 21:00:00,4.247667886112584e-06,2.9459712762610693e-05,-1.9085497179973e-05,-5.969947297105288e-06,4.025173232502611e-05,1.3400431920217278e-05,-1.777897292356834e-05,-7.506889990289667e-05,-9.729766138033709e-06,-7.270174719093611e-06,-6.7734094303579865e-06,3.305580350116447e-05,0.00021644464007343007,0.00025460685590777005,0.00016914688955837836,7.467731036437076e-05,4.6877647340563485e-06,-2.5034695217705285e-05,-1.755344195060167e-05,1.1607135397531776e-05,-5.0367473247595e-06,-2.6280330045305204e-06,1.0923684431054993e-06,3.6229910301050598e-06,1.942753232271581e-05,3.6583369917508794e-05,4.0922217332656915e-05,6.169421046275944e-06,7.170808265107149e-06,-1.2791044653125117e-05,-9.906603104280348e-05,-0.000363741556008582
2024-02-15 00:00:00,-1.1047983209072387e-05,9.619376888951106e-06,-2.665602881730985e-06,-1.3648985374431548e-05,-9.84449661093058e-06,-1.9312994460283514e-06,-3.347157907643005e-06,-2.3422513302419528e-05,-9.765307796910534e-06,-5.495844325782376e-07,6.604054908970229e-06,3.653057514177378e-05,0.00016018123811162652,0.00019695886078686947,0.00013506509328937137,5.054593249050875e-05,-7.248364225340266e-06,-4.162905300274188e-05,-5.289638947144731e-05,-3.044065955501695e-05,-1.2654657381077414e-05,-2.8696866393828692e-06,1.3554115490719625e-07,2.2533132900560933e-06,1.702576897866552e-05,5.208200103754657e-05,2.0251487869211155e-05,-2.9718341656529954e-05,-2.56245988705085e-05,-5.197223957429581e-05,-0.0001542481213556881,-0.0003404671373158293
2024-02-15 03:00:00,-1.5031859893953008e-05,-6.059362729435948e-05,1.901840219964982e-05,-3.814584110539695e-06,-1.0484376718775437e-05,-1.2786165898625672e-06,1.772037490380087e-05,-6.097602131523048e-05,-1.806208527391174e-05,9.302214412952813e-06,-4.7875905292595465e-06,3.9451365360862115e-05,0.0001886952300120434,0.00017990680548109176,0.00011856926636811905,5.353260606488723e-05,8.129963395933202e-06,-3.2170148674106086e-05,-4.0206957840557616e-05,-1.4919655952909686e-05,-7.775508880449834e-06,-3.631439305132197e-06,-3.5985092455277324e-06,-2.7195656966926356e-06,5.665534346286002e-07,1.748868082324222e-05,-1.8606681772009176e-05,-4.046261052644512e-05,-3.618669481239589e-05,-5.487958386417279e-05,-0.00014284082128038488,-0.0003153315409616369
2024-02-15 06:00:00,-6.4395764326163615e-06,1.0553602145382039e-05,2.5388463382551317e-06,6.096812049487083e-06,-8.261181978202399e-06,9.570219791767477e-07,1.0721550714761191e-05,6.600680885265194e-06,1.8056391914019197e-05,5.917173794763286e-06,-4.2961576393744296e-07,1.2665361297650988e-05,0.00010785656131964053,0.00011854206177746761,0.00011512159946712501,5.533053713465399e-05,1.283131073552524e-06,-4.5153527029214405e-05,-6.848529992155952e-05,-4.640113977981171e-05,-2.593195904498027e-05,-5.2032831088585026e-06,-3.6212756278299765e-07,9.828254371567907e-06,6.165191283742354e-05,5.3768464368187726e-05,1.5766243773409917e-05,-3.6837433268264e-06,-2.206185569075641e-05,-3.4018578194459316e-05,-6.590365826448157e-05,-0.00011347007430232445
2024-02-15 09:00:00,1.0780580946898145e-05,1.4450066655715882e-05,5.9706692253940515e-06,1.8165562260292492e-06,6.564850706056912e-06,-1.2187620618781258e-06,-3.148245624386398e-05,-2.9446468809285184e-05,1.299094166718851e-06,8.341422987898268e-06,5.992959314652737e-07,3.006967204019213e-05,9.56512686913885e-05,0.00012355375889593144,0.00011320924351846683,5.542854736206077e-05,4.257227616850525e-06,-4.80774065357997e-05,-7.178435713027421e-05,-5.5402572647238116e-05,-2.8577563717695388e-05,-1.2974083907694476e-05,-7.400505844844254e-06,8.650983722695829e-07,4.094110580468528e-05,3.2372552757208475e-05,1.5369480881197194e-06,-2.2063389707380853e-05,-4.810852572403515e-05,-7.123049953951843e-05,-9.584127266816149e-05,-0.00013361544807344162
2024-02-15 12:00:00,1.63909665915233e-05,5.736789932383886e-06,-2.6709725601322218e-06,-1.1646583279872223e-05,1.0153583305741263e-05,1.569683522245385e-06,-3.2878618706164933e-06,-7.575101628340083e-07,-1.4216796263210004e-06,-1.2734949667493789e-05,7.314708483533123e-06,3.806985391515635e-05,0.00018554326993721525,0.0002508435921815573,0.00020410206109492497,8.93401167627724e-05,-6.345884107216336e-06,-5.9655936796275546e-05,-8.512769627830135e-05,-8.70220007150116e-05,-6.28887649997466e-05,-3.6534527194308065e-05,-2.107769598480734e-05,-4.754617388126062e-06,1.6302335687058677e-05,9.847352495867882e-06,-8.405783008723635e-06,-1.3738015850305873e-05,-2.5362804578902538e-05,-3.885104742632806e-05,-4.8749984633469265e-05,-6.271595130686255e-05
2024-02-15 15:00:00,1.2994406021928145e-05,3.689272623995395e-06,8.595680803160566e-06,8.392311207401153e-06,-8.196382831106424e-07,6.074089879831631e-06,-3.859738283455456e-06,-7.70362170984616e-06,-2.2944417741346552e-05,-2.3201031483697998e-06,1.44640897493637e-05,7.38117270332245e-05,0.0001587247083697395,0.00018400412345687052,0.00014483422686235298,6.0089323446171424e-05,-4.775987427512765e-06,-3.963054590690698e-05,-5.45482297632764e-05,-4.36681428240484e-05,-2.923690064572038e-05,-1.969019813974846e-05,-1.6141273159296594e-05,-1.2101482382490182e-05,-1.3820170835485716e-05,-1.792219873037647e-07,-1.105660337934757e-05,-5.1966145141734125e-06,1.4163729970014002e-05,3.447584219426382e-05,7.138394992607667e-05,0.0001292054463523117
2024-02-15 18:00:00,1.973286667709967e-06,4.790332658292738e-06,-4.410889623715431e-06,1.2927379597879244e-05,-8.777532789241242e-06,3.158096362349937e-06,-1.2110777689864024e-05,-6.1574346537388295e-06,-3.327964731704118e-05,-7.315500899103829e-06,1.14562817455778e-05,6.067062971600693e-05,0.0001839707436305215,0.0002530505440129316,0.0002271506445991692,0.0001475503613961393,1.4954045092012307e-05,-7.189564974309027e-05,-8.858557198135785e-05,-6.522723884653321e-05,-4.238492321533148e-05,-1.7602503202889867e-05,-8.019398452902885e-06,5.901464638462012e-06,2.042573685313423e-05,-3.5599294314420467e-06,-3.1821715738573714e-05,-5.593494757848122e-05,-6.144691404894798e-05,-6.186296415560728e-05,-8.26760135502085e-05,-9.928849440394135e-05
2024-02-15 21:00:00,-2.8576031046980003e-06,9.991909357431506e-07,-5.506091381595792e-06,8.573073123344066e-06,1.1205002584271859e-05,1.569059258909608e-05,-4.5741391795451723e-07,2.0161095805877285e-05,5.050591459763004e-06,-1.4781873352809203e-07,9.267551177172655e-06,2.4896657234847068e-05,6.818371458073496e-05,0.00010377879865919324,0.00010605023202976335,6.510781134744325e-05,-8.668067399462021e-06,-3.9883047254041735e-05,-3.07215791973969e-05,-2.7917032051318912e-05,-1.980436297385466e-05,-1.3914217656836088e-05,-1.146010027899501e-05,-7.659580729880624e-06,-7.982222097580435e-06,-2.2511161714679796e-05,-5.023379439930573e-05,-6.867829689835431e-05,-7.380344120969158e-05,-7.376847010380304e-05,-0.0001010133556366215,-0.00014976624437280142
2024-02-16 00:00:00,-3.1874459437294403e-06,-1.5772247508956515e-07,2.0283336585153904e-06,-5.775692368219559e-06,-1.70560971734302e-05,1.7708108060614186e-06,-1.483143185014274e-05,-6.203158954076546e-06,-6.232694691694117e-06,-5.704193177427013e-07,-1.5869236738289288e-05,1.5866862702587234e-06,9.08647940264247e-05,0.00011823728032610731,0.0001216732120735685,9.89344404606943e-05,-1.668126634741263e-06,-5.305366804952994e-05,-5.7098067953276443e-05,-5.258033614859845e-05,-3.10919105616889e-05,-1.1628220276172127e-05,-5.4586428914962634e-06,4.778570116713898e-06,6.139729549984388e-06,-8.885677075252286e-06,-3.075978625221557e-05,-4.758839791511383e-05,-5.5554047980896204e-05,-5.784817328561912e-05,-7.727402823008706e-05,-0.00011153342903445898
2024-02-16 03:00:00,6.553411409145475e-06,-4.67918135007304e-06,5.624487639076571e-07,-1.1490490191280106e-05,1.0218267584628076e-05,9.482716419113058e-06,9.855832132842734e-06,1.5872972518115728e-05,-7.179618891425319e-06,3.1946684005149327e-06,-1.6051802509194878e-06,-1.3531312598281964e-05,1.719367615346101e-05,4.598108179167448e-05,3.1442178149313005e-05,2.3275163056632232e-05,2.3783478831361613e-07,-1.4680024177394174e-05,-2.868641134906607e-05,-3.609846719376717e-05,-3.18647297353208e-05,-2.03655137671006e-05,-3.037905564713675e-06,4.83087547558735e-06,1.2944986930859777e-06,-2.364107633573064e-06,-5.2941315535593436e-06,-7.536006835517511e-06,-1.080886678724955e-05,-1.5415145210223227e-05,-2.3752079743711548e-05,-2.8850734561788535e-05
2024-02-16 06:00:00,4.026278863149962e-06,-3.6605698649741434e-07,-5.100704372847131e-06,1.9274355447435647e-05,-8.059619727114236e-06,2.3320919105541295e-06,-2.906866678152712e-06,1.6257581398987045e-06,3.7058715614756504e-07,4.064158887652021e-06,7.570829563404838e-06,1.5286515099100816e-05,4.9149066360892245e-05,4.4346504707752844e-05,1.2043107257818773e-05,1.3931951721910261e-05,-1.3803529489666711e-05,-2.9235295417709874e-05,-3.336236159394033e-05,-2.0029514212042162e-05,-2.472379979449634e-05,-2.658545970310758e-06,3.6002708468146644e-06,3.0836779847887363e-06,6.005563841643662e-07,-1.9470241161628247e-06,-2.8304643983812276e-06,-3.5972650659913407e-06,-4.743878346734318e-06,-7.242274242810996e-06,-1.5419850002763907e-05,-2.1819339559652208e-05
2024-02-16 09:00:00,-3.8509590164485485e-05,-1.1599932019072976e-05,-1.0128419991777523e-05,-3.198094211096241e-06,1.37345042592284e-05,4.43344480007175e-06,1.0079357121807303e-05,1.7333431189504026e-05,3.0403669875735577e-06,9.107634413292691e-07,1.032799450340852e-05,1.5539781485364717e-05,3.5615104679250745e-05,3.446161389169833e-05,4.679288418637017e-05,5.201989184804215e-05,-1.8625842049817564e-05,-3.4180647194755065e-05,-3.7006761208898036e-05,-2.5560367855814466e-05,-1.0463844571643361e-05,9.655900622351795e-06,4.639744077227679e-06,1.23201963444337e-06,-5.877003093244558e-08,-4.955320924176496e-07,-3.3460934138202197e-07,2.3713598382962482e-08,2.8326910388644904e-07,-1.5806245321595738e-06,-4.110924792052903e-06,-1.9639398155234224e-06
2024-02-16 12:00:00,-4.664381800756321e-06,-2.0651182601284827e-06,-3.128051205699178e-07,-9.166246132397424e-06,-2.4242644094397415e-05,-7.2979971833414024e-06,3.330792518939109e-06,1.3160180814585893e-05,1.8081325196222486e-06,4.100766429817199e-06,2.62729405422721e-05,4.996787114486576e-05,5.0069558335884286e-05,2.4214100463272117e-05,1.6083044817884696e-05,3.159757029203942e-05,5.550111616090581e-06,-1.5626881832390505e-05,-2.1644320004054987e-05,-8.603286362233131e-06,-6.690589032913466e-06,2.450573495916262e-06,3.8088305028076224e-06,3.5545215526840133e-06,2.2394308622669908e-06,3.3329891221901786e-07,1.712249935565439e-06,5.082164237307522e-06,9.490446104601793e-06,1.1690538135479411e-05,1.3846165129870453e-05,1.8824401247012648e-05
2024-02-16 15:00:00,1.382281659154046e-05,6.435500173291884e-06,-6.462434039510102e-06,-1.710707871478647e-06,4.982966604165888e-06,-2.9200452906372127e-07,-4.3777497392212795e-06,-5.519789684004429e-06,-3.0406693363838966e-07,7.692751454895192e-06,2.9837956783822454e-05,7.083245732019196e-05,9.30392796465483e-05,7.797815763729142e-05,7.471449913890606e-05,7.710016731607682e-05,2.3962483302977356e-05,-1.6384172783241532e-05,-3.594664928839058e-05,-1.9983039561754322e-05,-1.4249911947147e-05,3.882535555976584e-06,1.0128751707921167e-05,1.0304095098895913e-05,7.1628235284741115e-06,6.337746850766176e-06,9.149862180752492e-06,1.4634856185593818e-05,2.0660009869447872e-05,2.0494849421631303e-05,1.947089477088864e-05,2.9597418200686823e-05
2024-02-16 18:00:00,2.4188833734949314e-05,1.5100487833523439e-06,-9.178225007720929e-06,8.971877484200807e-06,-1.5959866773657454e-05,-1.796706297962122e-05,-3.0825308253959024e-06,-8.939913808666388e-06,-8.630034921242673e-07,1.9150309744020683e-05,2.9004934990733385e-05,4.648827487544755e-05,3.484055743767211e-05,5.8154947951651284e-05,9.862813260077944e-05,0.00011156096719735442,4.870750995973173e-05,2.2741835268359075e-07,-2.0331755924145435e-05,-1.1670907644001011e-05,-4.430554849605173e-06,1.5840429438505687e-06,4.355390456533903e-06,5.169134836951036e-06,4.5776980735063465e-06,3.0370694442838105e-06,1.2997160179807212e-06,-4.463024699806226e-07,-1.514257151985519e-06,-1.324579631255129e-05,-2.822378159170243e-05,-4.347781704825957e-05
2024-02-16 21:00:00,-1.1737305470407749e-05,7.539572037809548e-07,-3.981680966894913e-06,-1.5225679841667591e-06,1.5839404907183092e-05,2.470733452123347e-05,2.790958982112083e-05,4.907050865473543e-06,-1.0712052454270603e-06,1.383605843553602e-05,3.501592477521664e-05,3.7598825696771984e-05,4.829305263745636e-05,0.00010535295670254477,0.00011582189384631958,9.28550896220732e-05,3.240989763047645e-05,-1.3618415026599504e-05,-2.5077852485470257e-05,-5.808489470183712e-06,-4.6212787622233264e-07,3.0661000105650785e-06,5.478471006375457e-06,6.1222107543604645e-06,5.321072780941957e-06,4.346576915562647e-06,3.1859446976562177e-06,1.1411391414793334e-08,-4.4299912922744235e-06,-9.758106934285806e-06,-2.0096793947754893e-05,-3.453159027553387e-05
2024-02-17 00:00:00,-1.1939066178436724e-05,-5.004658136850453e-06,-3.1628010554279534e-06,2.5334358961325945e-06,9.301268891025312e-06,1.3302617110203993e-05,4.301904626676893e-06,-4.1127149349963816e-06,3.7640999216639867e-06,8.847263276713005e-06,2.5246534861214982e-05,2.5655920539844297e-05,1.2903299478966877e-05,1.226881965840318e-05,1.674246262966457e-05,1.8921578755337665e-05,1.0472041066047405e-05,-8.346046349704898e-06,-1.2984679535841628e-05,-2.7094278104461184e-06,-1.0175689679606444e-06,5.768842284567398e-06,4.390524864407491e-06,2.2067027163284757e-06,7.925447138497946e-07,-2.0436580765111107e-06,-6.550509308105805e-06,-1.1156624529145754e-05,-1.5987641972434652e-05,-1.8593391384024117e-05,-2.6112828218817533e-05,-3.661515009771741e-05
2024-02-17 03:00:00,-1.0087773159280175e-05,-3.4031016460872155e-06,7.169852991709002e-07,1.0034388673234688e-06,-1.9535726168229247e-06,1.3821398238278426e-05,7.633892782986468e-06,1.6140985719140383e-06,4.703870992063111e-07,6.834563555957549e-06,1.9013618324521574e-05,1.9258001533406595e-05,1.6888176198985203e-05,4.688050401014867e-06,2.001270579144019e-06,3.2320252093232066e-06,1.2135057457503832e-05,-3.255152698590255e-06,-2.0407241455767408e-05,-9.88066441440093e-06,1.7418908851956552e-06,5.119559410287063e-06,3.6794300718908815e-06,9.833246628573609e-07,-2.603067117876455e-06,-5.85841532172954e-06,-9.386562866239365e-06,-1.0309533332923509e-05,-1.2388542295195171e-05,-1.536638200669104e-05,-1.4577061197661216e-05,-1.2753009010061079e-05
2024-02-17 06:00:00,-2.6154772651491254e-06,-1.303733543937811e-05,1.061309911078028e-05,2.9286778446504367e-06,-8.42398886148245e-06,-9.928500581779326e-07,-3.837017627972899e-06,-3.6936691356634875e-06,-9.825214674938065e-06,5.534036174550481e-06,2.278138475090936e-05,1.5998408659680922e-05,3.909134871367927e-06,-2.0083089905083507e-06,-8.557698608341218e-06,2.688975595705582e-06,5.5678984171564e-06,5.407740156951907e-06,-3.017894525616547e-07,2.092117794841782e-06,3.958866550600835e-06,7.285817140152977e-06,5.172225826960539e-06,3.5582598106967862e-06,3.005565266455204e-06,2.510268694816471e-06,7.244514314215328e-07,-1.7313943536644423e-06,-2.8213664262208763e-06,-4.43995015579311e-06,-1.0693420351108685e-05,-1.9564543480764598e-05
2024-02-17 09:00:00,-2.1321925560995208e-05,1.5850515658763312e-06,2.0019412043324585e-06,5.533416655711413e-07,2.9318572180088827e-06,1.806833163801511e-06,9.985852589129425e-06,-1.1199052791846485e-05,-4.035146073527986e-06,2.7774505100184784e-06,1.4471429252497982e-05,8.469811347051831e-06,2.1408481847104814e-05,6.040658391585575e-06,1.6097566244020638e-05,2.4781786317517435e-05,2.094257880744223e-05,6.587687518434462e-06,-3.4778527505469136e-06,1.110935183213516e-05,1.0838128880525882e-05,9.610032392237895e-06,9.257567710648871e-06,8.061573768122689e-06,6.66415756298578e-06,5.520838558344127e-06,3.6097350185767567e-06,1.7841890697975587e-06,-7.964652910301454e-08,-7.029035395830619e-07,-1.6973249221239281e-06,-9.381408037391402e-06
2024-02-17 12:00:00,-4.2350386807246585e-06,-4.772293021088366e-06,6.942036799453474e-06,1.3099357732461403e-08,-5.015067467521488e-06,2.9945712087962133e-06,-1.0351358907145668e-05,-1.3879287521241682e-05,2.9005588208301125e-06,3.15799453961431e-06,-8.564926369995709e-07,-2.96444418620059e-06,-5.199290371998973e-06,-2.052971284437679e-05,-3.3292781428055685e-05,-3.695575675845556e-05,-1.86220609221579e-05,8.058423175255203e-08,-4.6789840393636895e-06,-5.779241907569429e-06,-3.572578297916946e-06,-5.5959326757001525e-06,-2.9764942743629943e-06,-3.0169635720051848e-06,-4.7224847627855075e-06,-2.7468259212241372e-06,-5.791126815506749e-07,3.770332093750917e-06,5.667684453520081e-06,1.2479999956405068e-05,3.603584267189834e-05,9.75557600837266e-05
2024-02-17 15:00:00,-5.571557113056075e-06,5.633306541711738e-06,-1.427286906293343e-06,8.069252353592428e-08,1.7330556865287012e-06,2.1425661702589146e-06,9.46004377435388e-06,3.551653200099693e-06,-1.0631094394451647e-05,1.2600826459146275e-05,1.5594483601978148e-05,1.4493824107137448e-05,2.281483006702268e-05,1.682398595958369e-05,2.929331670191158e-06,-3.1683025379000775e-05,-3.107583228815805e-05,-6.291565573313337e-06,-8.567278072798282e-06,-8.34299657916411e-06,-1.6368380142939462e-06,-3.5424541216213165e-07,-3.0962985001681885e-06,-3.533670781354706e-06,-3.753178066028099e-06,-3.3555992130895412e-06,-2.993883490085227e-07,4.593564111999953e-06,1.3037295307062882e-05,2.260171878457992e-05,5.8011792546471875e-05,0.00016190056841666208
2024-02-17 18:00:00,4.443033236979834e-06,-4.372302100726086e-06,-3.3783940407330843e-06,6.677548763002716e-07,1.3098290616157328e-06,-1.3819348869300444e-05,-1.2197252546817951e-05,-5.9508965203765546e-06,-5.725882922172311e-06,1.9757833179822819e-07,-2.4703001381424955e-07,1.3737159492578635e-05,7.431408732601969e-06,-7.789769556304422e-06,-1.6333090938392878e-06,-1.0051986393578736e-05,-1.223051165759437e-05,-2.475847380522244e-06,-5.33774077411372e-06,-2.8631030484457822e-06,-1.051661513312801e-06,-7.770581818634972e-07,-5.267862073821891e-07,-6.116501069768339e-07,-1.614147290098393e-06,-3.675883826830046e-06,-6.256540953187143e-06,-7.878362520485852e-06,-4.967378404395569e-06,-7.994707964826056e-06,-2.25416178601518e-05,-5.9899250609088234e-05
2024-02-17 21:00:00,1.4321989490467309e-05,5.928631673639174e-07,-1.2457596114680172e-05,6.890545026420018e-06,7.59637520442651e-08,8.448816309835707e-06,1.5282621576932124e-05,1.1748751438719991e-05,8.088141198376155e-06,1.0761593959136345e-05,1.0863951075520642e-05,1.6745225918308323e-06,-5.8334435231311016e-06,-9.223318368126625e-06,-1.0330866141399466e-06,-2.530975409568802e-06,-1.1579572173750842e-07,2.5905026923989407e-06,9.525270408099699e-07,3.5555954283810723e-06,2.0531135342355154e-06,1.2041165296739964e-06,1.234049973489564e-06,4.987568191236731e-07,-7.203791464575758e-07,-2.9343903275944265e-06,-6.1091264552498735e-06,-9.438020123115246e-06,-1.2156018180237059e-05,-2.3606957231271638e-05,-4.6367870202700126e-05,-0.00011401514996752432
2024-02-18 00:00:00,1.685400794660083e-06,-2.236807084399128e-06,1.9539590724525638e-05,-2.4257657558917928e-05,8.955887020187563e-08,1.3750081132559391e-05,2.0894277486744245e-05,1.8563471455605622e-05,2.4829673059651314e-06,6.98057309546528e-06,6.517648652421553e-06,4.095411073582645e-06,-5.410788461842555e-06,-2.1068474695136442e-05,-1.3621267045146876e-05,-6.446242762626476e-06,-9.914223004612397e-07,9.26504474654284e-07,-1.0820702369669664e-05,-9.176383868690615e-06,-6.407437556185692e-06,-2.4380448977697445e-06,-1.4285846508944606e-06,-1.1560152584281954e-06,-1.4901313923684588e-06,-1.6396983942495184e-06,-3.3777151973310063e-06,-5.680797386444579e-06,-9.105003536002703e-06,-1.5297205765563635e-05,-4.495143070373941e-05,-0.00012398714825212031
2024-02-18 03:00:00,7.358426546920211e-06,-1.8423529779425977e-06,4.271570017597558e-07,-7.268859264233926e-06,-3.817836804311173e-07,-3.993562824978324e-07,-1.0610742119431439e-05,-2.441934832357743e-06,-2.1459663356235538e-05,3.214536162238985e-06,7.080509108162773e-06,1.3629382761229907e-05,-2.386710808552165e-06,-2.272912914041818e-05,-2.401987982287929e-05,-1.6117362823844958e-05,-9.657687806927952e-06,-9.202010504633785e-06,-2.0407147096894672e-05,-1.0589494586373582e-05,-8.595611873541544e-06,-4.1436744564678946e-06,-3.1244941494193852e-06,-3.381821052906726e-06,-3.910406616977072e-06,-4.545485800954242e-06,-5.055394135097466e-06,-5.8451184367183954e-06,-7.392634136289734e-06,-1.296662501181586e-05,-4.399666039156914e-05,-0.00012620654134624064
2024-02-18 06:00:00,-4.852590317811159e-06,-2.6724760304436895e-05,-5.4089359314264e-07,3.429600505020718e-06,7.501799160625231e-06,-3.252604940683248e-05,-8.100039562024413e-06,-8.25360096483887e-06,-2.555306614361428e-07,1.8349592371409747e-06,1.4457967568120916e-05,8.627697191564454e-06,-9.400656225463847e-06,-1.0213879978903792e-05,1.1921386245026209e-05,5.729548912142214e-06,-2.3072516895281817e-06,-1.5903430318102954e-06,-8.236194933019666e-07,3.407304430293054e-06,-2.8635145789900387e-06,2.433939622069043e-06,4.240692782751354e-06,5.4448557187335e-06,5.5617691641408025e-06,4.3909883189675845e-06,4.5522475286834165e-06,3.147720256729326e-06,1.098673316760509e-07,-1.4726570796781523e-06,-1.268254413562379e-05,-7.804538577123527e-05
2024-02-18 09:00:00,4.547093247360261e-06,1.7195202283145973e-05,1.8864994337838783e-05,-9.992379107988642e-06,8.108697610970336e-06,7.177196375007116e-06,-1.6299955960962924e-05,-1.7215179363168625e-05,-1.573948709554754e-05,-1.923988105557895e-05,-6.41236013179037e-06,5.922968405857931e-06,3.06906581887805e-06,2.247268317013453e-05,2.087502534267221e-05,-8.012881870116161e-06,-8.29569614343627e-06,-1.2523057079811606e-05,-1.3974853633005962e-05,-2.757189926116128e-06,-3.006865124280286e-06,1.9682447049020524e-06,5.125984273576355e-06,6.522804789249568e-06,7.78853640522781e-06,9.414636018538063e-06,1.181371600879415e-05,5.1219624773754435e-06,3.4553351637475624e-06,-1.5531934485448008e-06,-1.1073600359993795e-05,-5.746272037131081e-05
2024-02-18 12:00:00,-1.3592918142186343e-05,-6.489450150350027e-06,-8.508332791697251e-07,-1.3203583966189712e-05,-1.973252801880581e-06,1.7317803734887932e-06,2.0016742300356293e-06,-2.1694793104235184e-06,-1.6364357789934736e-06,-1.330253460898902e-05,6.61024214047985e-06,1.1377275891514998e-05,1.6635163176875125e-05,3.142698495587963e-05,1.0699905421235323e-05,1.725159785672865e-06,2.1768530933389833e-06,-4.00806366977191e-06,-1.0011757638462904e-05,-1.1318965106777733e-06,-3.989169137601329e-07,-5.462244644075473e-07,-1.195654600666143e-06,-2.6042818750171742e-06,-3.527414124578353e-06,-3.2905467774044936e-06,-5.453366024385247e-06,-4.342661161940272e-06,-1.9974330402904346e-06,-1.9861795433639884e-06,1.436933644212094e-06,1.6374493252651823e-05
2024-02-18 15:00:00,9.219039881601535e-06,-6.041290678218573e-06,-5.23568263903898e-06,6.9484793689351915e-06,-1.0094179560697356e-05,-3.327763949913196e-06,-1.409217994223836e-06,6.385388827193902e-07,-2.627887974850616e-06,1.3696749320477285e-05,2.5566221118978724e-05,3.0073803357102428e-05,5.686629206194657e-05,1.6143340174970272e-05,-6.181824354987738e-06,7.632400629387117e-06,1.188058849968719e-05,2.7567742490765672e-06,-1.1105692797651857e-05,-3.845118242682346e-06,-5.393700061096499e-06,-9.067316516953692e-06,-1.1633399597801023e-05,-1.1475159949519683e-05,-1.0421968920956635e-05,-9.258737108689153e-06,-9.76295856230718e-06,-7.162141964915324e-06,-5.59025006932581e-06,-1.6941505012901902e-06,1.3248872600666092e-05,4.075893901318489e-05
2024-02-18 18:00:00,-4.028805021415906e-06,4.998098248905827e-06,4.576338808255232e-06,8.093118407663849e-07,2.0584623002493593e-05,-3.3992700587801095e-06,3.405363171618566e-06,8.333509298019563e-06,-1.835337146120491e-05,8.55433529814886e-06,3.635958788255246e-05,4.090564489302159e-05,5.953550464354016e-05,6.111627049056403e-06,-3.0938021784777363e-06,1.2808728085644951e-05,1.0827201369086168e-05,-4.991248260952832e-06,-2.5654949089905542e-05,-2.2830459335077464e-05,-2.2911789355065833e-05,-1.929053830183413e-05,-1.7154175317007777e-05,-1.4189320459750047e-05,-1.1864113605953953e-05,-9.560721240717401e-06,-7.4576054938514755e-06,-5.668541067720787e-06,-6.554363815788489e-06,-8.692860289961167e-06,-1.3048261334830278e-05,-5.327417585582993e-05
2024-02-18 21:00:00,-7.883542372330472e-06,-3.4345119799665906e-06,1.292207834627519e-05,7.091535643158837e-07,1.1759387382650935e-06,1.421540110447564e-06,-4.619756475260239e-07,1.724230837176265e-06,8.50982650049786e-06,5.427173323417258e-06,1.8338278073027427e-05,3.5469404603463745e-05,3.232916377628569e-05,2.2161873547691265e-05,1.995440581309834e-05,3.216016330064376e-05,1.70492896241565e-05,5.287433938352614e-07,-1.3913811728493516e-05,-2.7101431929830157e-06,-4.853603842128428e-06,-4.187701316630173e-06,-2.9531813273694915e-06,-4.305467192383561e-07,5.822369865045676e-07,4.079763238118029e-07,4.32124298587431e-06,1.2683016012760801e-05,6.202308523486409e-06,-2.8807090254148194e-06,-1.147367599139994e-05,-6.496471105051405e-05
2024-02-19 00:00:00,-1.6806433759833474e-06,-2.127206822776411e-05,-2.4046076216408242e-05,-1.4311059842831979e-06,-5.753490564592056e-06,2.4100014104475122e-05,1.3478818880441761e-06,-1.4069331125752367e-05,1.0440117229659772e-05,2.0822095197404686e-05,4.0128372767485234e-05,6.368805900184016e-05,5.39750673584483e-05,3.796687375606629e-05,3.239164599638443e-05,3.484740059090325e-05,3.279676050008461e-05,1.3995268754334179e-05,-4.91998675098109e-06,-5.11336962874502e-06,-2.676151483681148e-07,-5.279524956280327e-06,-5.947828830707773e-06,-5.928908779547828e-06,-7.0711259577736655e-06,-6.820108171758485e-06,-1.045438077727713e-06,8.065993138461233e-06,5.170220096567028e-06,-7.933450680276854e-06,-3.330418786669759e-05,-0.00017321461720245227
2024-02-19 03:00:00,-1.565374526460844e-06,2.689027305200785e-05,2.6822639018787848e-05,-5.648193017159054e-06,-5.743163422433756e-06,-9.789868627096452e-06,3.7670418272130934e-07,2.503565555381326e-06,1.1468221224746293e-05,-4.5896472792529574e-07,1.0441663919083336e-06,4.362008333237951e-05,4.484630537396438e-05,2.990274049532724e-05,2.820161274548661e-05,4.142945505345124e-05,4.198631990908201e-05,1.9086720831232235e-05,-1.244030756797412e-05,-1.0283767550116687e-05,-1.4799433966370751e-05,-1.9572479265017404e-05,-1.861760053777457e-05,-1.8930639900257507e-05,-1.812035328462994e-05,-1.4154893734233697e-05,-8.602907518762887e-06,-7.034338904150409e-07,-9.390731614859358e-06,-1.4245032951622511e-05,-3.471440859443081e-05,-0.00017055169212095618
2024-02-19 06:00:00,-7.421325339293904e-06,1.2110281782698165e-05,-3.0867353882558637e-06,9.82317506809387e-06,-4.6023048615328385e-06,-8.702186117897208e-06,5.231878989577496e-07,-1.201086019061942e-05,-5.221620577865612e-06,-5.797163695978912e-06,-1.4057317373755563e-05,8.873512959127445e-06,1.750461146728723e-05,2.264019124632049e-05,4.3581123181042286e-05,5.409466234308399e-05,4.442398203704315e-05,1.051315135170335e-05,-1.2722493150850513e-05,-1.6940438776800006e-05,-1.1347929642704817e-05,-1.0565148692479051e-05,-9.38970794066886e-06,-7.40926939172378e-06,-6.682757711831885e-06,-4.3591888871885366e-06,1.022177049903696e-06,1.1114915198333524e-05,-4.867139476333135e-06,-6.939352200185478e-06,-1.9573022290901645e-05,-0.00010873795080504396
2024-02-19 09:00:00,3.9847339241929405e-06,-6.980678001410275e-07,-2.506922798663703e-05,-1.1437570812327657e-06,9.760412497419089e-06,1.7450999497449043e-05,-3.0121312182952416e-08,1.035342812380741e-06,-5.457099680808812e-06,2.0039609816687876e-06,6.0115393649893176e-06,1.3714018801701845e-05,1.446424425186464e-05,8.944344678059206e-06,9.11906363626128e-06,2.8828941185943677e-06,-5.724871940791317e-06,-6.186184124966592e-06,-5.771569097368476e-06,-7.0900757035195545e-06,-6.342902863209984e-06,-5.701958752389858e-06,-3.598595442534036e-06,-2.354740663340081e-06,-1.1562917885977303e-06,9.890137884633088e-07,1.9958550803658703e-06,1.008288998232972e-06,1.287286961865649e-06,-7.082852171130022e-06,-6.703089740129983e-06,-3.066979404577099e-05
2024-02-19 12:00:00,1.5946598945017837e-06,2.0616822208335117e-06,4.497557419736502e-05,-1.6179308154608586e-05,-1.342390752262786e-05,7.99201163374781e-06,-7.224504450408815e-07,4.843488608386673e-06,-2.6979356905858306e-05,-1.8373033698880042e-06,-1.4724820499548428e-05,5.446058743946017e-07,-1.4045053384025621e-05,-2.1559635600784605e-05,-1.4187178065205445e-05,-6.219523592800582e-06,-2.485999564265314e-06,-3.019902706286609e-06,-8.797506322902998e-06,-8.61639734573778e-06,-1.1087276293433747e-05,-1.0321148216799492e-05,-7.442904907648327e-06,-4.104366458213772e-06,-3.5097546997902008e-06,-3.2185724525499116e-06,2.8306891961353597e-06,5.248401185847457e-06,1.6751948758281013e-06,-8.076228074363691e-06,-4.591801503979904e-06,-5.486488777119829e-05
2024-02-19 15:00:00,-1.2786220422859673e-05,-8.50444372141853e-06,-1.616291369570691e-06,1.1823721697048633e-05,-2.897913107983558e-07,-4.9179459558047515e-06,-1.453489126738761e-05,-5.117614786468289e-06,1.8368330637244394e-06,-9.576723330965291e-09,-1.5056450544440824e-05,-1.046372020725857e-05,-5.494886765414141e-05,-2.7913821396492963e-05,-1.0521838191467741e-05,7.313083831713855e-07,4.830406271447761e-07,1.2471086557719795e-06,1.2755954322743708e-07,-6.286461009832104e-06,-5.3497805401076385e-06,-5.038313986308098e-06,-3.5175242501943185e-06,-1.8119408746012613e-06,-4.287358093267058e-07,1.8650435592744635e-06,1.99051824159564e-06,-1.9271963811870775e-07,2.1326262885529704e-06,1.1101692452882222e-05,9.923699987953478e-06,-2.4246338276656193e-05
2024-02-19 18:00:00,6.4234058501664505e-06,1.4092813728542035e-06,-2.307724317963841e-05,-8.201952111924372e-07,-1.8508754258520131e-06,9.884769284318715e-06,1.758189885966541e-05,2.7407872005439512e-06,-1.1000091776810833e-05,1.0777648258830403e-05,1.852069314473117e-05,5.290639314341461e-06,-6.706443451889873e-06,-6.271179176619918e-07,-4.144212569375805e-06,-1.1332183321791811e-05,-6.317649042329732e-06,1.4778956412187092e-06,7.277372932494989e-06,5.798468751360814e-06,7.23093560290991e-07,-7.101390135882492e-07,-1.1649961349395324e-06,-2.8735762493704723e-06,-3.69399615161094e-06,-5.053462994504229e-06,-5.565015497154799e-06,4.760947597411066e-08,-3.96876263738458e-07,2.2692504524196064e-06,-3.0986235716691144e-06,-2.3071572421759786e-05
2024-02-19 21:00:00,-1.2361569577687887e-05,-4.807876212606998e-07,9.243534553402806e-06,-4.480187922531963e-06,5.9924362749933686e-06,-4.263210514710035e-06,6.141240489056675e-07,1.4206647443736377e-06,-9.898494674228104e-06,-3.4670473516036973e-05,-2.8083672195009957e-06,8.966466760668406e-06,-1.835640540766303e-05,-3.4837916590112134e-06,1.1694064057005738e-05,-8.310287309625307e-07,-5.523155888459213e-06,2.9987251533842873e-06,3.061296574524055e-06,7.081484164491541e-07,-7.500142163334691e-06,-1.0048756057587325e-05,-8.905838201293092e-06,-6.786001429875915e-06,-5.705485071393084e-06,-5.146525247894323e-06,-5.202957399743664e-06,-6.665454259521377e-06,-5.76245823435175e-07,-3.1945095186449598e-06,-1.7024734080415288e-05,-5.480884104974928e-05
2024-02-20 00:00:00,-1.6157037533434045e-06,-3.0261199363833663e-05,-4.361375966542873e-06,-5.360099444301028e-06,-1.3759728936252813e-05,-5.870659925517989e-06,-1.8355465471610265e-06,2.5223355885590213e-06,4.284721419967481e-07,-2.8443754718406665e-06,1.4938720458589697e-06,-1.2681819612130757e-06,-5.665415246426935e-06,-5.58010892771571e-06,-6.280295053832821e-06,-7.57511433512438e-06,-4.9468187630829425e-06,1.2778616457243171e-06,-3.104331890592731e-07,2.528409336488538e-07,-1.455620780721995e-06,-3.960730594302683e-06,-4.921761690165918e-06,-5.3459035733472065e-06,-5.606527060365293e-06,-6.18645461911325e-06,-3.1686975839621922e-06,-2.0123639909930496e-06,3.0617247724516963e-06,-5.770284931953061e-06,-2.566316500771361e-05,-7.894747099543669e-05
2024-02-20 03:00:00,-3.407199570654836e-06,-3.5947235321180416e-06,-1.2433511516712155e-05,1.0267741976937334e-05,1.6416194346805122e-05,9.346794617990205e-07,3.918246345569751e-06,-4.7843275273090075e-06,-2.107692060516e-05,-2.3102884721080313e-06,1.357138445453632e-06,-7.338954308672322e-07,-1.5095081576628077e-05,-1.7093282755389802e-05,-6.692238920224278e-06,-7.677702898817765e-06,-1.9866473300634433e-06,4.11775978954243e-06,5.95922540618876e-06,1.5849764243395498e-06,-3.2372993932372083e-06,-1.4891179028003843e-06,-8.661504793531183e-07,-7.379891448501601e-07,-2.778501861017296e-07,-3.734105953214546e-07,-3.731623417791471e-07,4.451808060248511e-06,7.045869686884068e-06,2.310581652856901e-06,-1.2906536766275277e-05,-5.8926237212387304e-05
2024-02-20 06:00:00,-1.4753836918954262e-05,2.407013771873063e-05,1.3230362871368652e-05,-1.5840485761847295e-05,-1.0357360951548897e-05,1.3090134520932363e-06,-3.196416986027176e-06,-5.28772632981355e-06,-1.443094268369206e-05,-7.05654927061033e-06,-3.9768822899629964e-06,-4.817503827162124e-06,-3.4660249903475086e-06,4.50337459121139e-06,-2.5110135190354587e-06,-4.157664632463646e-06,-2.2567638303643233e-06,-1.7161794455435597e-06,-5.19830122252138e-06,-5.052970136104165e-06,-5.400945045758606e-06,-6.078479580412848e-06,-5.04460418180408e-06,-2.7896414381116314e-06,-2.4622789088164003e-06,-1.7648783199061068e-06,7.363804913803242e-07,3.656639780887892e-06,2.743670962594796e-06,1.1383008370815965e-06,1.6933613829895702e-06,-1.4648624443261477e-05
2024-02-20 09:00:00,1.7660332141555718e-05,-1.8935713258176606e-05,-6.613894321069191e-06,4.245885097305267e-06,2.0582183498693563e-05,1.867598537343601e-05,2.7266334474571193e-06,7.559418264877259e-06,1.1865572992775776e-05,-7.909321045276088e-06,-2.275298526456944e-06,-4.345158922192087e-08,3.629966451297577e-06,6.022820929062103e-06,-1.1114330468016706e-06,-1.0657479559155495e-06,-9.307733783888929e-07,9.230582749079188e-07,-7.164535734384223e-07,-4.694087485279273e-06,-5.851545933664633e-06,-5.790136341713404e-06,-4.184699217965444e-06,-2.343493302769503e-06,-2.3607422605345245e-06,-2.7687908517051046e-06,-2.8326176781222702e-06,-1.6287488896942847e-06,4.52265589436683e-06,2.613060573177415e-06,5.543319069771242e-06,-1.8546021825920454e-06
2024-02-20 12:00:00,-1.6561917202029382e-06,3.7010401165339925e-06,-1.061488454514169e-05,-8.389577479835478e-06,1.9723564823505425e-05,-2.09678329941712e-06,-2.784377772349415e-07,2.746890019985038e-06,-2.223631255032884e-06,-7.36238427819066e-06,1.871472242887977e-06,3.847235126678618e-06,4.098997454530549e-06,5.311110855300504e-06,4.945521545204919e-06,2.3013950043981468e-06,1.0940125018360066e-06,1.5895711998765796e-06,-2.1720628503834993e-08,1.150326342008438e-06,-1.2977337248627958e-06,-1.6755766813848809e-06,-1.1140280085652365e-06,1.4452965438341595e-06,2.806064591767737e-07,-1.0874833954222207e-06,-1.56774426474621e-06,-5.296567430033309e-07,1.2397496008969937e-07,1.2631765096166125e-06,-4.856153688807799e-07,-1.1057621985053012e-05
2024-02-20 15:00:00,-1.812114725149871e-05,1.632683841979537e-05,1.9791507935430652e-05,-9.739491911754446e-06,-6.247931355198306e-06,3.809094790511706e-06,-6.541689413125048e-07,-1.9123167128336015e-06,-1.277209030066457e-05,-5.166017784208657e-06,-1.503652585175912e-06,3.132271815530345e-06,1.8799692785421351e-06,-2.0463483896122336e-06,-3.3817660402608493e-06,1.4518142474807807e-06,3.512446412060456e-07,-8.933834563120582e-07,-9.768101899690545e-07,-1.9379801240933653e-06,-4.06315606343128e-06,-2.5302871878710386e-06,-1.2394506314552386e-06,-1.0463006982839052e-06,-1.6949150843518517e-06,-1.0399070735727248e-06,5.222759836559474e-07,1.7231697823686568e-06,4.073634287731677e-06,1.373337816309411e-06,3.399830393367529e-06,-2.7042615378825734e-06
2024-02-20 18:00:00,-2.6829058377422224e-06,-1.5186852951047603e-05,-8.432532298754245e-07,8.997324610527493e-06,-1.8673241536122345e-06,9.017567648678603e-06,2.5540961725237102e-06,2.3347409009912195e-06,9.40141944077137e-06,-5.762592213401561e-07,-1.6645585744735649e-06,2.3857069903505023e-06,5.5675379980785086e-06,4.85991630806613e-07,1.8467009881580297e-06,2.5655599590553063e-06,6.870222853726223e-07,1.1571082725078694e-06,-1.0442130536097095e-06,-1.4917268128216862e-06,-3.6221442519023727e-06,-3.665116599150606e-06,-2.625534025603605e-06,-2.3657272148954963e-06,-2.5188627505037245e-06,-7.887460658754354e-07,6.27620781331504e-07,1.3534771611282688e-07,4.178182526737071e-06,4.407751405025171e-06,-2.9040475674423455e-06,-3.0574452419372984e-05
2024-02-20 21:00:00,-3.313845217362835e-06,3.3224918519994143e-06,9.033779791541241e-06,4.519171809834675e-06,5.3673706843073125e-06,-1.0774685170366684e-05,-1.3524206200576245e-05,-2.1889609906762007e-05,-8.570927639076203e-06,-1.7134372074271806e-05,-1.1580780328757928e-05,-3.717041005067119e-06,-2.3492717540711172e-06,-2.4145445558814503e-06,1.0902463869116596e-07,5.965989045768863e-07,9.581611891114574e-07,7.827176783291131e-07,-9.488854539115149e-07,-3.825307960235957e-07,-1.5037122389001729e-06,-3.3656452371700017e-06,-1.4792091414561778e-06,6.668693512164357e-07,7.022212247169068e-07,6.098555905823692e-07,1.3887834438445352e-06,2.313009759990449e-06,4.7052863237901565e-06,1.7565754628338804e-06,-1.0548193249591635e-05,-4.034757617314419e-05
2024-02-21 00:00:00,2.300282021156265e-06,1.6080815074547555e-06,1.1361708754900818e-06,-9.709680721475419e-06,-4.798507562661356e-07,7.246469873257308e-06,-2.387912316922344e-06,-5.9878940742477844e-06,-4.594685404815419e-06,-1.0421208664093102e-05,-2.8590316059031996e-05,-2.4548076818138577e-05,-5.700939508956169e-06,2.352327731894666e-06,-1.5287584805956116e-06,-2.8029791045930104e-06,-3.1046675448027523e-06,-1.3791461404064256e-06,-2.5738042538435494e-06,-4.981678037084274e-06,-1.2500207409986932e-05,-1.770184910036527e-05,-1.64741215066518e-05,-1.3978429347681425e-05,-1.1814095575920836e-05,-5.738504454823209e-06,-8.503852126236957e-07,1.8267895922986827e-08,1.9434472499475284e-06,-1.1602040073256037e-06,-1.8243123197165212e-05,-5.530860596911696e-05
2024-02-21 03:00:00,5.232714109423864e-06,-1.1824905535075756e-05,8.43623283797998e-06,5.0574774488301895e-06,-1.38036800509652e-05,-2.1678331988445755e-06,-6.168353048711566e-07,-3.0845479305840744e-06,9.703352917084278e-06,-8.006971812426509e-07,9.767445694536331e-06,7.86589859693905e-06,-6.208125792685083e-06,-6.523709080002904e-06,-7.3559070500544686e-06,-7.1267221365473795e-06,-4.153017165221951e-06,1.1508355150918273e-06,-2.162964757942499e-06,-2.418307308587366e-06,-4.467163737548614e-06,-8.050896834993523e-06,-5.565225634294881e-06,-1.9217448451407185e-06,-1.142790706823596e-06,1.3842589909359013e-07,2.0881342497750847e-06,7.163584563455908e-06,4.452575972700856e-06,3.5109881280450944e-06,-8.267249928032258e-06,-5.013926299177344e-05
2024-02-21 06:00:00,1.2050058362344183e-05,1.0299338030834539e-05,-9.47017428410482e-06,-2.148463701428075e-07,4.350381080000444e-06,-2.641684615731386e-06,-5.455846230690807e-06,-1.6182392290000186e-06,-3.8089353543538258e-06,-5.707420885272043e-06,-1.884365544620923e-06,1.394677848758916e-05,-3.664555547938633e-06,-3.6570376363322453e-06,-9.898826935708015e-06,-6.491183243431043e-06,-5.062712607629606e-06,-5.945730412233255e-06,-2.0458539383642455e-06,1.629962684514058e-06,-1.8299310170843196e-06,-2.524117767474734e-06,-4.334787305764756e-06,-3.003859462317464e-06,-1.0877903733476646e-06,1.0826212094026085e-06,4.016580357387577e-06,8.843761145408291e-06,7.434628522391308e-06,2.3121065761138145e-06,-1.2029983283548328e-05,-5.4403764416555466e-05
2024-02-21 09:00:00,2.492078441653565e-06,1.030939133602158e-06,5.90814485232133e-06,2.591210597361656e-06,-3.02635290057033e-06,-3.31164061094698e-07,8.825881197826977e-06,4.153872106636864e-06,-2.105530748039782e-05,5.5744770971784215e-06,1.929021400964681e-05,-2.21133008635869e-05,-8.57917586196001e-06,3.7149981868955476e-06,1.8649391027414116e-06,4.053534935869705e-06,1.7644687817378158e-06,3.6097973880639078e-06,1.9212055309963097e-06,3.004146788665536e-07,1.689727027836273e-07,-3.9097026605140693e-07,-8.837162131245203e-07,-1.0250587094923809e-06,3.2999020001289363e-07,6.972981973816904e-07,2.8649363260062585e-06,6.32460665318225e-06,5.175101638755376e-06,2.769515390608897e-06,-4.1164262992475215e-06,-3.092019806936631e-05
2024-02-21 12:00:00,8.654616152578287e-06,-1.37273310273156e-05,-2.1289506856316147e-06,-4.72071133997643e-07,2.2627668620983283e-06,1.5413297578976883e-06,-1.27993524781798e-05,-2.8447554510563083e-06,-1.7054214576513926e-05,4.962827403229773e-06,1.212273123449945e-06,1.5647329322655423e-05,1.1936553730418364e-05,8.098722122360455e-06,5.166045894190358e-06,4.041019854112419e-06,2.3430136192039823e-06,1.8742507483309744e-06,-2.1498977945490454e-07,-9.96098883310147e-07,-1.4913272633099886e-06,-1.9449462430669583e-06,-2.153703290006435e-06,-2.594849638585528e-06,-1.588976698896892e-06,8.06299757869481e-08,1.6423609386329114e-06,2.5349731853648653e-06,5.802114709706452e-06,2.061411170987551e-06,2.354105917543083e-06,-6.507344900229307e-06
2024-02-21 15:00:00,2.5046804819948425e-06,6.811306053425335e-06,-2.870667286635666e-05,-1.4275806633234943e-06,3.2877149301096184e-06,2.1591611174537813e-06,-1.105981608255522e-06,-2.4330892818635892e-05,-4.918722479713581e-06,9.050213997597061e-07,1.6363478182359427e-05,3.7487931550510804e-05,1.8171320244434567e-05,9.262498669579202e-06,6.364509333003088e-07,-6.289026934520958e-07,-1.6273887110310578e-06,-2.068494174550903e-06,-1.3670330040126948e-06,2.417257162157433e-06,3.1645487293895064e-06,1.8406118110248225e-06,1.3367470466036239e-06,1.9138366686907277e-06,1.631055965175762e-06,6.628133788532332e-07,1.7540296610735586e-06,1.8938443035422335e-06,6.791550832131833e-06,1.8446828788611621e-06,3.0014557173448713e-06,-1.0095756260879587e-05
2024-02-21 18:00:00,-3.2126735203839086e-06,1.3477674225191245e-05,2.0184569858205026e-05,-1.1586265600892334e-05,-7.172100434336274e-06,3.4514506148276203e-06,1.949399282200336e-06,-4.719775462192482e-06,4.0203601775605e-06,1.2597105416056762e-06,4.1419875832152616e-05,8.96384963554849e-05,6.058708505948925e-05,2.347724480252847e-05,8.27091615356057e-06,7.023444128206e-07,-2.6052919943460945e-06,-5.086517484577415e-06,-3.5577505900884728e-06,-3.759611807958306e-07,-1.2294779175654814e-06,-2.518359592704198e-06,-2.840253855462481e-06,-2.353701099567354e-06,-2.4185374032083397e-06,-2.1121453300717572e-06,-1.862441548496853e-06,4.1417388635292133e-07,2.4409801566547256e-06,-1.0286601249342076e-06,3.1353544133428575e-07,-4.616064068112255e-06
2024-02-21 21:00:00,1.4491818142770624e-05,-6.747030954739591e-06,6.49748828992882e-06,1.2154363650089332e-05,1.2709015270111951e-06,-5.2239211650170276e-06,-4.005679758346122e-06,5.742690664617267e-08,6.595081255020215e-07,2.2532394929427178e-07,9.507766034058517e-06,1.2119051937716493e-05,1.3900915715637377e-05,9.020061858904111e-06,1.4275781660092976e-06,-4.995281709709098e-06,-1.9588273123788234e-06,-3.1477324723269026e-06,-6.7442723350492195e-06,-3.5613159697658744e-06,-8.498252382740286e-07,1.3395331362653747e-07,3.8008111863785353e-07,1.8760413708995787e-07,-7.75125847828037e-07,-9.019314504435633e-07,-1.3441786008794462e-06,-2.7626426878391135e-07,2.333785982173719e-06,-1.1405101616284898e-06,-5.557350322849052e-06,-1.787076384661318e-05
2024-02-22 00:00:00,-6.8526264919436674e-06,1.5851887157671874e-05,-4.1976372910198215e-06,-4.291469070975308e-06,-4.653683353606042e-06,4.316018718364846e-06,2.9270677573243297e-07,-2.7052003069725615e-06,1.4266682877449963e-06,6.140795028287992e-07,9.978641657403084e-06,2.5979572626391276e-06,-9.438427253896974e-06,-1.4895910088302247e-06,2.554587469529047e-06,3.179623535340303e-06,7.824061357234001e-06,9.170247645979897e-06,6.147639318231914e-06,1.0963484978508883e-06,-1.1645375699832901e-07,-1.3449511030316797e-06,-2.2072065508559895e-06,-2.406136096856371e-06,-2.163165049775708e-06,-1.0460380418625555e-06,-1.2811975813469465e-06,-1.413778147023464e-06,4.541423910771161e-07,5.16701956819094e-07,-1.4516211260599807e-06,-1.3856739171801627e-05
2024-02-22 03:00:00,-1.4863354097361665e-05,-7.591227212124821e-07,-5.022896370962372e-06,-5.061224298750091e-07,-4.155111759924365e-07,-1.6874670456603354e-06,-1.3556003181541715e-06,-5.524925738657485e-06,-7.2335627634603304e-06,-4.404541634787653e-06,-5.242158142735865e-06,-1.5439023914608455e-06,-9.11609470388655e-06,-8.225631711082751e-06,-3.1591988445543e-06,-3.545844316278646e-07,6.60894648530935e-07,3.5373965697577276e-07,-3.177610230284307e-06,-1.7077726803856841e-06,3.6066741515748813e-06,5.732932737130162e-06,5.207667725264186e-06,4.329732825362727e-06,2.91658911130258e-06,1.1705842408927154e-06,2.284528691276003e-06,4.198213437507426e-06,1.1105712118586156e-05,9.8242921084831e-06,6.5164157763558526e-06,-6.582663192898403e-06
2024-02-22 06:00:00,5.0777139002164065e-06,-2.3770482666218232e-06,-9.258780602132761e-06,-5.68952634979369e-06,-6.9797775049290615e-06,-1.5203497703939053e-06,3.3000913798293944e-08,-2.2868452784167648e-06,-4.665713217102656e-06,1.1642607349664725e-05,2.056507754650228e-06,-3.3411395635326013e-06,-7.207943932511568e-06,-5.334117521620372e-06,1.574064173255532e-06,2.5654366250486936e-06,1.2548538697912246e-06,2.4966658581107236e-07,-1.170368180913263e-06,7.573332730752231e-07,-2.8221217086306626e-06,-3.6722194921597696e-06,-2.894383184891954e-06,-2.06242657764071e-06,-2.0392824975574354e-06,8.70105035886905e-08,2.2984960492995063e-06,6.796422716843993e-06,9.071112965194421e-06,8.469089365671116e-06,6.33057453229042e-06,-4.443452437158981e-06
2024-02-22 09:00:00,4.486867967844806e-06,8.96684501626671e-06,-6.29560579044344e-06,-2.6102128656695435e-06,4.089685167279503e-06,4.950668623082332e-09,-5.335089122836024e-07,3.6191222110194894e-06,1.2371740787143433e-05,-2.3714650364217466e-07,5.682045944825789e-06,7.775882911231711e-06,5.131806760622918e-06,4.224873405610965e-06,2.775623632703982e-06,-2.0417832570893944e-06,-3.352077744929436e-06,-2.8366250285147464e-06,2.209619951165479e-07,2.0295442968688914e-06,7.896402594868079e-07,-1.9716702429830965e-06,-3.908936642701878e-06,-4.233124756818635e-06,-3.6666675915794504e-06,-4.322611774566417e-06,-4.3391810770034386e-07,1.5424836782625261e-06,1.932434402045646e-06,1.580245302278142e-07,6.301892803601365e-07,-1.181967369694819e-06
2024-02-22 12:00:00,7.210752061468246e-07,-1.2947088104202328e-05,-3.390932388140368e-06,-6.4298733030363185e-06,1.707830206683662e-06,5.7500502957222125e-06,-4.114658388337691e-06,-1.9990746427025752e-05,1.039554583592093e-05,1.6940186863141897e-06,-9.501500607983562e-06,-2.2804074956397e-05,-2.1347902001215924e-05,-1.1720129395048368e-05,1.8514437975126691e-06,2.9729282752215543e-06,-1.683935814268728e-06,-4.979546705118567e-06,-2.391249266557287e-06,-1.06677005849385e-06,-1.9430245602215326e-06,-7.248984363006958e-06,-9.773650822243916e-06,-9.383964282342355e-06,-4.736339401207052e-06,1.5880383902960004e-07,1.3541946251109236e-07,2.733556257785418e-07,1.0554878461934632e-07,3.5448797278763036e-07,2.2712889993926952e-06,2.50613280638083e-06
2024-02-22 15:00:00,-4.4676408481180715e-06,-1.6885092669570542e-06,8.13739279792867e-06,7.403534300550704e-06,5.596007192742644e-08,-2.7264109620375726e-07,-3.1898142757918557e-06,-1.655568971445005e-05,2.512251244646845e-07,9.483517317478064e-06,6.57822166969161e-06,5.519396915742428e-06,7.970472906474348e-06,5.270315124191025e-07,5.069318728968158e-06,1.7760831229561848e-06,-2.5571436255752914e-06,-3.760817503700655e-06,-6.429948972729934e-06,-5.196333400491883e-07,1.8120400900434095e-06,2.097988891476388e-06,1.6658406352211886e-06,1.1067047295863452e-06,1.0418936387940656e-06,2.015712885677689e-06,1.462584638177973e-06,1.250513017708287e-06,1.0762241928574746e-06,3.378931906929542e-07,4.555405494132137e-06,4.943662623308035e-06
2024-02-22 18:00:00,5.106510537167493e-06,8.914257801301145e-06,-4.9058740674947705e-06,-1.2608920498142305e-06,-7.288624663600458e-06,-9.746268499139859e-07,6.925878540245449e-06,7.635130260843118e-06,5.21825011015407e-06,7.029846754904722e-07,1.17474268037557e-05,1.1600814238133626e-05,1.1975696241223935e-05,8.237149780737623e-06,9.298715847949329e-06,1.8752755228134627e-06,-1.5385209885477147e-06,1.0829332924311678e-06,3.46994684533939e-06,3.566283250308796e-06,3.945283488031118e-06,2.1508710714870975e-06,3.8158928811424143e-07,-4.849538004643476e-07,-2.5227747180709625e-06,-3.125716998236818e-06,-1.45848993189131e-06,-1.1165303223436594e-06,6.344683311474196e-07,1.6803274408216015e-06,3.71422429668339e-06,-4.498983227515078e-06
2024-02-22 21:00:00,2.0399493337659044e-06,-7.99550258588169e-07,-3.562087103181927e-06,6.199901057252329e-06,1.2204738664668354e-05,2.6730133283148956e-06,1.5026381687489092e-06,3.983649357814925e-06,-1.0823376932390275e-08,-2.705126024750798e-07,5.823073015588989e-06,-4.429578360032387e-06,5.89832486105639e-06,1.3193683215764656e-06,1.0134067940714002e-06,1.2835123961611264e-06,3.4925903511875882e-06,2.578117144071352e-06,-3.64041815340432e-06,-5.400087525751344e-06,-3.3288878468635143e-06,2.4419639850038984e-07,1.0771134095358587e-06,1.2271370857415803e-06,6.524419847072129e-07,-1.1500518026831904e-07,1.4070583362755495e-06,-4.2360887081164634e-07,1.8056466597912565e-06,1.361385147806113e-06,8.218142431199773e-07,-3.5955490763678807e-06
