datetime,lon,lat,swh_total,tp,mean_dir,dir_spread,swh_wind_sea,swh_swell,swell_fraction
2024-02-12 08:16:00,-30.069999999999997,-33.709,9.31589995652594,11.175167809551631,90.0,81.02846845413954,3.6304412954901233,8.57938739071736,0.920940266721881
2024-02-12 08:16:00,-30.267,-34.382,9.452835764996664,12.2926845905068,108.43494882292202,81.02846845413954,3.633405014583429,8.72665296663045,0.9231783121573708
2024-02-12 08:17:00,-30.358000000000004,-38.515,9.87011489294831,11.175167809551631,56.309932474020215,81.02846845413956,3.5725050034954475,9.200889956955251,0.932196844388186
2024-02-12 08:17:00,-31.348000000000013,-38.389,9.894664016529315,12.2926845905068,90.0,81.02846845413956,3.824584683334912,9.125619321448822,0.9222768257925904
2024-02-12 08:17:00,-30.160000000000025,-37.857,9.20295952397923,11.175167809551631,90.0,81.02846845413956,3.948155012154412,8.313034103141886,0.9033000831397168
2024-02-12 08:17:00,-31.16300000000001,-37.716,9.46990094985159,11.175167809551631,135.0,81.02846845413956,3.8983473421438486,8.630290377501792,0.9113390333440652
2024-02-12 08:17:00,-30.0,-37.177,9.389733542545285,12.2926845905068,90.0,81.02846845413956,3.770731494020756,8.599341835280187,0.9158238406144542
2024-02-12 08:17:00,-30.976,-37.051,9.121898486609028,11.175167809551631,135.0,81.02846845413956,4.201936696334205,8.0964658956856,0.8875856169163947
2024-02-12 08:17:00,-30.788999999999987,-36.387,9.16138897766054,12.2926845905068,135.0,81.02846845413956,3.6036581413891087,8.422867445235028,0.9193876022264365
2024-02-12 08:17:00,-30.608000000000004,-35.711,8.608003252787492,11.175167809551631,128.6598082540901,81.02846845413954,3.619248540788544,7.810170292637673,0.9073149792442908
2024-02-12 08:17:00,-30.42700000000002,-35.05,8.695380842723338,12.2926845905068,153.434948822922,81.02846845413956,3.687691961105213,7.874679422046336,0.9056163915622166
2024-02-12 08:18:00,-31.08499999999998,-41.182,9.486586319641011,11.175167809551631,119.74488129694222,81.02846845413956,4.168501889168339,8.521673075165465,0.8982865688495562
2024-02-12 08:18:00,-31.480000000000015,-42.521,10.881360209091511,10.159243463228758,90.0,81.02846845413956,4.711723251635225,9.808346649665276,0.9013897583750864
2024-02-12 08:18:00,-32.53399999999999,-42.382,10.65374300422157,10.159243463228758,90.0,81.02846845413956,5.057362949205842,9.376850217423762,0.8801460870332769
2024-02-12 08:18:00,-31.28800000000001,-41.854,9.726712497036193,11.175167809551631,123.6900675259798,81.02846845413956,4.230217015709715,8.758664281726983,0.9004752925920055
2024-02-12 08:18:00,-32.34699999999998,-41.711,9.508294484291074,10.159243463228758,116.565051177078,81.02846845413956,4.580378150327767,8.33233460681939,0.8763227328082317
2024-02-12 08:18:00,-32.124000000000024,-41.048,9.522999947495538,11.175167809551631,104.03624346792648,81.02846845413956,4.483176552401211,8.401705541138659,0.8822540782800519
2024-02-12 08:18:00,-31.545999999999992,-39.048,11.497831795603902,11.175167809551631,123.6900675259798,81.02846845413956,4.8685036715607,10.416228108101322,0.9059297694791358
2024-02-12 08:18:00,-31.937999999999988,-40.378,9.45738949182067,10.159243463228758,90.0,81.02846845413956,3.879184450370981,8.625203997587535,0.9120068497810246
2024-02-12 08:18:00,-30.702,-39.848,10.510869802257092,11.175167809551631,111.80140948635182,81.02846845413956,4.405863366015793,9.542890128257794,0.9079067962775604
2024-02-12 08:18:00,-31.725000000000023,-39.716,10.042842227178522,11.175167809551631,90.0,81.02846845413956,4.556635600967013,8.949623008819984,0.8911444396288528
2024-02-12 08:18:00,-30.535000000000025,-39.176,11.545334642183398,11.175167809551631,63.43494882292201,81.02846845413954,5.280034090799037,10.26722903221702,0.8892967896056871
2024-02-12 08:18:00,-30.90600000000001,-40.516,9.545926461061809,11.175167809551631,135.0,81.02846845413956,3.864000000000001,8.728929831313804,0.9144141081454414
2024-02-12 08:19:00,-33.18599999999998,-44.37,10.59458994015342,10.159243463228758,116.565051177078,81.02846845413954,4.6845823719943285,9.502632477371732,0.8969325411412881
2024-02-12 08:19:00,-31.88499999999999,-43.846,10.789508237171887,10.159243463228758,90.0,81.02846845413956,4.5245410817009954,9.79499954058192,0.9078263184262932
2024-02-12 08:19:00,-32.97300000000001,-43.695,10.701897775628398,10.159243463228758,63.43494882292201,81.02846845413954,4.552090508766276,9.685509176083622,0.9050272558331276
2024-02-12 08:19:00,-31.67500000000001,-43.186,11.174110434392531,10.159243463228758,45.0,81.02846845413956,4.586700775066977,10.189353267013567,0.9118715379482912
2024-02-12 08:19:00,-32.75,-43.042,11.257164118906683,10.159243463228758,90.0,81.02846845413956,4.555181664873532,10.294370500424009,0.91447280964256
2024-02-12 08:19:00,-32.08800000000002,-44.503,10.481129328464563,10.159243463228758,90.0,81.02846845413956,5.035540884552523,9.192246732981008,0.8770282709914456
2024-02-12 21:23:00,-34.18799999999999,-42.596,10.751839284513142,8.396068977875006,82.8749836510982,81.02846845413956,6.177313979392664,8.800161362156947,0.8184796228151052
2024-02-12 21:23:00,-35.04899999999998,-43.449,9.998139026838947,8.396068977875006,110.55604521958348,81.02846845413956,5.689885763352373,8.221191154571217,0.8222721380951293
2024-02-12 21:23:00,-33.971000000000004,-43.263,9.971935017838817,8.396068977875006,36.86989764584402,81.02846845413956,5.961911102993739,7.993441311475305,0.8015938027249295
2024-02-12 21:23:00,-34.834,-44.11,9.83793270967026,8.396068977875006,63.43494882292201,81.02846845413956,6.255102876851828,7.593326543748795,0.7718416833940005
2024-02-12 21:23:00,-33.75999999999999,-43.938,10.099734253929658,7.632789979886367,82.8749836510982,81.02846845413956,6.76683500611623,7.497638028072576,0.7423599314165475
2024-02-12 21:23:00,-35.228999999999985,-42.778,10.625181786680171,8.396068977875006,126.86989764584402,81.02846845413956,6.066270023663637,8.723236555315923,0.8209964526208346
2024-02-12 21:23:00,-33.547000000000025,-44.584,9.50454922655462,8.396068977875006,90.0,81.02846845413956,6.113991167805202,7.277057647153829,0.7656394294663197
2024-02-12 21:23:00,-34.632000000000005,-44.77,9.741343233866674,8.396068977875006,100.61965527615514,81.02846845413956,6.026007633582953,7.653822574374195,0.7857050501788068
2024-02-12 21:24:00,-36.387,-38.778,8.828999490315992,16.361563189964553,90.0,81.02846845413956,5.099103450607765,7.207660924322122,0.8163621407190904
2024-02-12 21:24:00,-35.38799999999998,-38.61,8.628659223772836,10.159243463228758,104.03624346792648,81.02846845413956,5.193068457087776,6.890994122766325,0.7986170207974993
2024-02-12 21:24:00,-36.197,-39.445,8.904266842362713,6.938899981714878,143.13010235415598,81.02846845413956,5.742755436199596,6.804904701757405,0.7642296465535561
2024-02-12 21:24:00,-35.20100000000002,-39.276,8.953970292557377,10.159243463228758,180.0,81.02846845413956,5.387919821229713,7.151496626581042,0.7986955945705373
2024-02-12 21:24:00,-36.02199999999999,-40.12,9.445387445732443,6.938899981714878,75.96375653207353,81.02846845413956,5.845361237767946,7.419373019332566,0.7855022424394821
2024-02-12 21:24:00,-35.004999999999995,-39.94,9.31421107770272,6.938899981714878,90.0,81.02846845413956,6.39763206194292,6.76940410966874,0.7267823386431524
2024-02-12 21:24:00,-35.81999999999999,-40.783,9.836754342769776,8.396068977875006,111.80140948635182,81.02846845413956,5.992525344126632,7.800729196684117,0.7930186039888064
2024-02-12 21:24:00,-35.64100000000002,-41.446,10.725315100266288,8.396068977875006,116.565051177078,81.02846845413956,6.479038817602501,8.547189011599079,0.7969172869696732
2024-02-12 21:24:00,-34.60500000000002,-41.264,10.649700840868729,8.396068977875006,113.6293777306568,81.02846845413956,6.589409685244955,8.366349741673488,0.7855948131019069
2024-02-12 21:24:00,-35.44,-42.118,11.04847174952265,8.396068977875006,93.57633437499736,81.02846845413956,6.792969895413936,8.713454424050202,0.7886569854719199
2024-02-12 21:24:00,-34.392,-41.934,11.111319633598884,8.396068977875006,90.0,81.02846845413956,6.696231178804987,8.866899796433929,0.7980060054812766
2024-02-12 21:24:00,-34.80599999999998,-40.607,9.871457035311456,7.632789979886367,180.0,81.02846845413956,6.150717031371221,7.721032573432133,0.782157339672656
2024-02-12 21:25:00,-37.41699999999997,-34.772,4.6967622890668,17.997719508961012,90.0,81.02846845413956,2.1254571273022664,4.188318039499867,0.891745798855842
2024-02-12 21:25:00,-36.48000000000002,-34.597,4.628034572040275,17.997719508961012,104.03624346792648,81.02846845413956,2.3752877720394223,3.9719909365455512,0.8582457357907104
2024-02-12 21:25:00,-37.271000000000015,-35.439,5.348278975521006,12.2926845905068,56.309932474020215,81.02846845413956,2.906986068078071,4.489267200780102,0.8393853838454224
2024-02-12 21:25:00,-36.31700000000001,-35.277,5.749815997055907,16.361563189964553,90.0,81.02846845413956,2.6164678480730474,5.120007812494041,0.8904646366276159
2024-02-12 21:25:00,-37.08600000000001,-36.104,6.085348962877973,17.997719508961012,90.0,81.02846845413956,2.8593132042502805,5.37175948828687,0.8827364742853431
2024-02-12 21:25:00,-36.13799999999998,-35.938,5.796714241706245,11.175167809551631,56.309932474020215,81.02846845413956,2.9803999731579665,4.971831855563904,0.8576982835884042
2024-02-12 21:25:00,-35.946000000000026,-36.604,6.778815825791406,17.997719508961012,77.47119229084849,81.02846845413956,3.5944557307052767,5.747367397339412,0.8478423879687607
2024-02-12 21:25:00,-36.74799999999999,-37.442,8.339486315115579,13.52195304955748,105.94539590092286,81.02846845413956,5.024511916594488,6.655923076478574,0.7981214699536716
2024-02-12 21:25:00,-35.77800000000002,-37.271,8.108218053308633,10.159243463228758,90.0,81.02846845413956,4.674142488200377,6.625374857319397,0.8171184856845151
2024-02-12 21:25:00,-36.559000000000026,-38.109,8.214037253385209,7.632789979886367,90.0,81.02846845413956,5.510692152534019,6.091196926713175,0.741559447420675
2024-02-12 21:25:00,-35.577,-37.926,8.4915963163589,11.175167809551631,90.0,81.02846845413956,4.995755798675513,6.866558963556639,0.8086299333764069
2024-02-12 21:25:00,-36.91699999999997,-36.774,6.738264464979095,11.175167809551631,90.0,81.02846845413956,3.663136361098233,5.65558485039346,0.8393236685480859
2024-02-12 21:26:00,-38.404,-30.761,5.465127262928103,16.361563189964553,78.69006752597979,81.02846845413956,2.7886512869127262,4.700110636995688,0.8600185157403755
2024-02-12 21:26:00,-37.50999999999999,-30.581,5.550366474387076,10.159243463228758,63.43494882292201,81.02846845413956,2.659157761397395,4.871903939939704,0.8777625698089974
2024-02-12 21:26:00,-38.24400000000003,-31.428,5.007840253043223,12.2926845905068,63.43494882292201,81.02846845413956,2.520728466138311,4.327169051470026,0.8640788908632702
2024-02-12 21:26:00,-38.08300000000003,-32.092,4.610108892423259,17.997719508961012,90.0,81.02846845413956,2.2973184367866817,3.996927820213921,0.8669920631989616
2024-02-12 21:26:00,-37.173,-31.925,4.595718007014792,11.175167809551631,68.19859051364818,81.02846845413956,2.202367816691845,4.033633597638736,0.8776938862397335
2024-02-12 21:26:00,-37.34300000000002,-31.253,5.227553156114246,12.2926845905068,116.565051177078,81.02846845413956,2.520399968259007,4.579835804917029,0.8760955016899953
2024-02-12 21:26:00,-37.01499999999999,-32.61,5.078765204259793,17.997719508961012,78.69006752597979,81.02846845413954,2.3266851957237367,4.514464752326682,0.8888902264157031
2024-02-12 21:26:00,-37.76600000000002,-33.427,4.411873071610289,11.175167809551631,63.43494882292201,81.02846845413956,2.2792261844757755,3.77753252798702,0.8562196751068949
2024-02-12 21:26:00,-36.85399999999999,-33.265,4.672370704471127,16.361563189964553,90.0,81.02846845413956,2.1629147001211124,4.141599690940689,0.8864022041267985
2024-02-12 21:26:00,-37.60700000000003,-34.104,4.720150845047223,16.361563189964553,90.0,81.02846845413956,2.3651570772360984,4.084832432303681,0.8654029429143836
2024-02-12 21:26:00,-36.672000000000025,-33.919,4.661370613886008,11.175167809551631,96.3401917459099,81.02846845413956,2.100771286932493,4.161145995996777,0.8926872245688672
2024-02-12 21:26:00,-37.94200000000001,-32.763,4.991942307358932,12.2926845905068,90.0,81.02846845413956,2.226299171270565,4.46800626678164,0.8950436506838381
2024-02-12 21:27:00,-38.884000000000015,-28.74,5.480256928283565,13.52195304955748,51.34019174590991,81.02846845413956,2.652298625720717,4.79567805424843,0.8750827045166388
2024-02-12 21:27:00,-38.009000000000015,-28.562,5.388380832866216,12.2926845905068,116.565051177078,81.02846845413956,2.6432298424465483,4.695528085316923,0.8714172644733525
2024-02-12 21:27:00,-38.72199999999998,-29.407,5.25519856903619,16.361563189964553,123.6900675259798,81.02846845413956,2.263916959607839,4.742551212164188,0.9024494792846578
2024-02-12 21:27:00,-37.84100000000001,-29.233,4.882599307745825,12.2926845905068,109.98310652189998,81.02846845413956,2.3277525641699985,4.292009319654374,0.879041889193215
2024-02-12 21:27:00,-37.67599999999999,-29.907,5.263385222459022,11.175167809551631,53.13010235415598,81.02846845413956,2.6830266491408548,4.528199642241938,0.8603207728212585
2024-02-12 21:27:00,-38.567999999999984,-30.085,5.239102976655452,11.175167809551631,70.01689347810003,81.02846845413956,2.5085453952440253,4.599499972823134,0.8779174590226075
2024-02-12 21:28:00,-39.485000000000014,-26.057,6.372084745199174,11.175167809551631,45.0,81.02846845413956,3.6265620082938064,5.239419051765188,0.822245663903426
2024-02-12 21:28:00,-39.78800000000001,-24.716,6.257882069838007,12.2926845905068,116.565051177078,81.02846845413956,3.616502177519047,5.10705394528,0.8160994228215301
2024-02-12 21:28:00,-38.94400000000002,-24.552,6.283366613528135,12.2926845905068,108.43494882292202,81.02846845413956,3.39764271223447,5.28551984198338,0.8411923363827946
2024-02-12 21:28:00,-39.63799999999998,-25.392,6.365064021673311,12.2926845905068,108.43494882292202,81.02846845413956,3.864000000000001,5.0580177935630095,0.7946530901087948
2024-02-12 21:28:00,-38.637,-25.879,6.870175543608768,16.361563189964553,116.565051177078,81.02846845413956,3.303489064610325,6.023808761904716,0.8768056541886451
2024-02-12 21:28:00,-38.791,-25.215,6.499071933745619,11.175167809551631,116.565051177078,81.02846845413956,3.6420543653273514,5.382692263170914,0.828224755479618
2024-02-12 21:28:00,-38.48000000000002,-26.552,6.348130433442591,12.2926845905068,0.0,81.02846845413956,3.2083790299776003,5.477687833383718,0.8628820549317492
2024-02-12 21:28:00,-39.18799999999999,-27.396,6.077997038498786,16.361563189964553,97.1250163489018,81.02846845413956,3.4088344048956096,5.032086644723044,0.8279185746306198
2024-02-12 21:28:00,-39.339999999999975,-26.723,6.196986364354857,16.361563189964553,63.43494882292201,81.02846845413956,3.483081394397783,5.125503292360665,0.8270961062368353
2024-02-12 21:28:00,-38.32400000000001,-27.223,5.956353246744187,12.2926845905068,116.565051177078,81.02846845413956,3.287912407592393,4.966666487695747,0.8338435082591157
2024-02-12 21:28:00,-39.035000000000025,-28.069,5.71877119668203,13.52195304955748,90.0,81.02846845413956,2.718284753295725,5.031428425407641,0.8798093598021235
2024-02-12 21:28:00,-38.166,-27.889,5.445699955010377,11.175167809551631,90.0,81.02846845413956,2.878937303936993,4.622485045946607,0.8488321215151852
2024-02-12 21:29:00,-39.81999999999999,-20.525,4.986299629986149,7.632789979886367,135.0,81.02846845413956,3.0672032863832164,3.931341755685965,0.788428704132424
2024-02-12 21:29:00,-40.50299999999999,-21.352,6.259469626094531,13.52195304955748,0.0,81.02846845413956,3.243542507814566,5.3535401371428994,0.8552705671459792
2024-02-12 21:29:00,-39.682000000000016,-21.196,6.526786651944433,17.997719508961012,81.86989764584403,81.02846845413956,3.6939734703974265,5.380846030133181,0.824424991512499
2024-02-12 21:29:00,-40.36900000000003,-22.025,6.059714844776115,13.52195304955748,90.0,81.02846845413956,3.652270526672416,4.835396984736621,0.7979578426706103
2024-02-12 21:29:00,-39.548,-21.854,6.15972986420671,13.52195304955748,109.4400348281762,81.02846845413956,3.726555514144396,4.904595396156549,0.7962354688078832
2024-02-12 21:29:00,-40.077,-23.366,6.106673726342355,13.52195304955748,135.0,81.02846845413956,3.572968513715172,4.952308552584341,0.8109666202111914
2024-02-12 21:29:00,-39.394000000000005,-22.522,6.007705052680268,13.52195304955748,78.69006752597979,81.02846845413954,3.251191781485677,5.051957244474662,0.8409129942590623
2024-02-12 21:29:00,-39.23000000000002,-23.212,6.458174355032544,13.52195304955748,97.1250163489018,81.02846845413956,3.249663367181285,5.581012811309432,0.8641780949999309
2024-02-12 21:29:00,-39.92399999999998,-24.038,6.626999320959677,17.997719508961012,85.23635830927383,81.02846845413954,3.784977674967186,5.439766906770916,0.8208491721986725
2024-02-12 21:29:00,-39.08300000000003,-23.89,6.714506683294017,12.2926845905068,90.0,81.02846845413956,3.690609705726143,5.609278028409718,0.835396894066074
2024-02-12 21:29:00,-40.21800000000002,-22.691,5.634463239741653,11.175167809551631,90.0,81.02846845413956,3.2977192118189818,4.568612918600131,0.8108337430220961
2024-02-13 09:34:00,-48.33600000000001,-26.171,6.320156327180525,14.87414835451323,135.0,81.02846845413954,3.217398949462128,5.439919117045768,0.8607254054224577
2024-02-13 09:34:00,-47.79000000000002,-27.709,6.312290867822871,17.997719508961012,90.0,81.02846845413956,4.036096133642013,4.853343589732754,0.7688719818779022
2024-02-13 09:34:00,-47.632000000000005,-27.035,6.07145452095295,14.87414835451323,63.43494882292201,81.02846845413956,3.651590338468981,4.8506131571173565,0.7989211053755904
2024-02-13 09:34:00,-48.49099999999999,-26.844,6.697220318908437,11.175167809551631,180.0,81.02846845413956,3.352502348992467,5.797714032271687,0.865689607956132
2024-02-13 09:34:00,-48.18700000000001,-25.504,5.340067415304794,16.361563189964553,153.434948822922,81.02846845413956,2.9964699230928398,4.420123075209559,0.8277279538721465
2024-02-13 09:34:00,-47.339999999999975,-25.688,5.510391637624318,16.361563189964553,45.0,81.02846845413956,3.294453520692014,4.417124856736564,0.8015990781085223
2024-02-13 09:34:00,-47.173,-25.021,4.603638560964578,17.997719508961012,38.65980825409009,81.02846845413954,2.5791766127971933,3.8133103728912503,0.8283253175488795
2024-02-13 09:34:00,-47.48599999999999,-26.361,6.002189600470817,16.361563189964553,0.0,81.02846845413956,3.3736757401979234,4.964331979229432,0.8270868315855977
2024-02-13 09:35:00,-48.245000000000005,-29.723,6.894237593817029,17.997719508961012,126.86989764584402,81.02846845413956,3.642736334131254,5.8532883065846,0.8490116893902837
2024-02-13 09:35:00,-47.94400000000002,-28.382,5.786563747164634,14.87414835451323,116.565051177078,81.02846845413956,3.246604379963781,4.789977035435557,0.8277757309392131
2024-02-13 09:35:00,-48.95999999999998,-28.862,4.916230263118278,13.52195304955748,90.0,81.02846845413956,2.6435430770085824,4.14499698431736,0.8431250699165302
2024-02-13 09:35:00,-48.08800000000002,-29.055,5.4400713230618605,17.997719508961012,90.0,81.02846845413956,3.1970035971202795,4.401538821821297,0.8090957931308809
2024-02-13 09:35:00,-49.125,-29.532,6.682863458129308,17.997719508961012,99.46232220802564,81.02846845413954,3.755990415323234,5.527494911802273,0.8271147460118166
2024-02-13 09:36:00,-49.971,-32.867,7.452666636848856,17.997719508961012,153.434948822922,81.02846845413956,3.8291283603452113,6.3937481964806855,0.8579141544943832
2024-02-13 09:36:00,-48.89699999999999,-32.402,6.074317739466714,8.396068977875006,63.43494882292201,81.02846845413956,3.147936466957362,5.194981424413375,0.8552370236841547
2024-02-13 09:36:00,-49.214999999999975,-33.734,8.763389755111891,16.361563189964553,106.69924423399362,81.02846845413956,5.458001832172651,6.856180861091692,0.7823663048984351
2024-02-13 09:36:00,-49.80500000000001,-32.2,5.944525548771745,17.997719508961012,75.96375653207353,81.02846845413956,3.221256897547913,4.996087269053655,0.8404518120181929
2024-02-13 09:36:00,-49.059000000000026,-33.069,7.489129722471098,16.361563189964553,116.565051177078,81.02846845413956,3.7462781530473688,6.484787120638582,0.8658932827910576
2024-02-13 09:36:00,-49.618,-31.546,5.729475368652876,13.52195304955748,116.565051177078,81.02846845413956,3.275549419563076,4.700815248443615,0.8204617257214737
2024-02-13 09:36:00,-49.29000000000002,-30.202,4.934218479151487,8.396068977875006,111.80140948635182,81.02846845413956,2.6659992498123484,4.151982658923325,0.8414671292863629
2024-02-13 09:36:00,-48.40300000000002,-30.392,5.145174049534186,14.87414835451323,108.43494882292202,81.02846845413956,2.621842100508725,4.427048678295734,0.8604273899532191
2024-02-13 09:36:00,-48.72199999999998,-31.733,5.601153452638128,17.997719508961012,63.43494882292201,81.02846845413956,2.712796343259111,4.9003730470240745,0.8748864119614528
2024-02-13 09:36:00,-49.45999999999998,-30.872,5.772810753870251,17.997719508961012,109.98310652189998,81.02846845413956,3.046617796836355,4.903413504896361,0.8493979300480233
2024-02-13 09:36:00,-48.56700000000001,-31.062,5.372376010667907,13.52195304955748,101.3099324740202,81.02846845413956,3.0030944041105343,4.454643420073037,0.829175659192035
2024-02-13 09:37:00,-49.898000000000025,-36.415,14.879813708511277,9.235675875662508,116.565051177078,81.02846845413954,7.834410252214267,12.65033090476293,0.8501672905707764
2024-02-13 09:37:00,-49.55399999999997,-35.081,13.064352107930958,7.632789979886367,90.0,81.02846845413956,8.667340076401759,9.77519882150742,0.7482344888403003
2024-02-13 09:37:00,-49.375,-34.408,11.365574336565668,17.997719508961012,135.0,81.02846845413956,7.641588316573985,8.413228155708131,0.7402378363441644
2024-02-13 09:37:00,-49.73599999999999,-35.746,13.252811626217284,8.396068977875006,63.43494882292201,81.02846845413956,8.20949986296364,10.40389965349532,0.7850333911721703
2024-02-13 21:08:00,-31.166999999999973,-44.149,12.34631475380407,7.632789979886367,81.2538377374448,81.02846845413956,7.159712284722064,10.058330278928011,0.8146828004550023
2024-02-13 21:08:00,-30.095000000000027,-43.967,12.120932637383977,8.396068977875006,67.38013505195957,81.02846845413956,7.313037672540736,9.666255117676132,0.7974844351385136
2024-02-13 21:08:00,-30.959000000000003,-44.807,11.960430761473438,8.396068977875006,90.0,81.02846845413956,7.053453622162693,9.659228540623731,0.8075987172416678
2024-02-13 21:09:00,-32.35899999999998,-40.146,12.803479839481144,8.396068977875006,71.56505117707799,81.02846845413956,7.39018808962262,10.45534389678312,0.8166017385791282
2024-02-13 21:09:00,-31.327,-39.984,12.775965560379383,7.632789979886367,116.565051177078,81.02846845413956,8.529054343829687,9.512125314565615,0.7445327924227086
2024-02-13 21:09:00,-32.161,-40.82,13.257559051348784,8.396068977875006,56.309932474020215,81.02846845413956,7.657175458352775,10.822686173034866,0.816340785744703
2024-02-13 21:09:00,-31.14600000000001,-40.642,13.175551904948804,7.632789979886367,71.56505117707799,81.02846845413956,8.685948652853067,9.907041132447167,0.7519260827871683
2024-02-13 21:09:00,-31.970000000000027,-41.48,12.559285648475395,7.632789979886367,0.0,81.02846845413956,7.146516354140668,10.32777614009909,0.8223219400502133
2024-02-13 21:09:00,-30.928,-41.312,12.03393302291483,7.632789979886367,104.03624346792648,81.02846845413956,8.107911691674992,8.892542493572916,0.7389556246191393
2024-02-13 21:09:00,-30.298999999999975,-43.301,12.445174486522882,7.632789979886367,108.43494882292202,81.02846845413956,7.660310698659685,9.808262231404708,0.7881176950975065
2024-02-13 21:09:00,-30.74000000000001,-41.977,12.45980288768647,7.632789979886367,95.71059313749964,81.02846845413956,8.922010087418645,8.697380295238334,0.6980351433836575
2024-02-13 21:09:00,-31.57299999999998,-42.815,12.972957411477156,8.396068977875006,116.565051177078,81.02846845413956,7.060376193943212,10.883414537726662,0.838930876940837
2024-02-13 21:09:00,-30.519000000000005,-42.644,12.64974181554707,7.632789979886367,48.81407483429036,81.02846845413956,8.138592507307392,9.683970260177384,0.7655468705515691
2024-02-13 21:09:00,-31.379999999999995,-43.477,12.50841860508354,8.396068977875006,75.96375653207353,81.02846845413956,6.988472794538161,10.37409196026332,0.8293687865584536
2024-02-13 21:09:00,-31.779,-42.153,13.115714544011702,8.396068977875006,0.0,81.02846845413956,7.197429541162596,10.964441435841591,0.8359774375272352
2024-02-13 21:10:00,-33.422000000000025,-36.144,9.498972154922871,6.938899981714878,0.0,81.02846845413956,6.756548823178888,6.676789647727418,0.7028960122035047
2024-02-13 21:10:00,-32.47199999999998,-35.975,10.263357345430396,16.361563189964553,83.99099404250548,81.02846845413956,6.081401812082476,8.267590701044654,0.8055444649138785
2024-02-13 21:10:00,-33.25799999999998,-36.815,10.645657142703785,6.938899981714878,113.9624889745782,81.02846845413956,7.667981220634283,7.384583942240757,0.6936710287820917
2024-02-13 21:10:00,-32.285000000000025,-36.651,10.704450663158765,6.938899981714878,82.40535663140857,81.02846845413956,7.591908850875386,7.546402056609495,0.7049779847724233
2024-02-13 21:10:00,-32.09100000000001,-37.324,12.514308610546571,6.938899981714878,111.80140948635182,81.02846845413956,8.409290576499306,9.267780316774887,0.7405746977475338
2024-02-13 21:10:00,-33.07400000000001,-37.475,12.104389947452953,7.632789979886367,90.0,81.02846845413956,8.83481205233026,8.274197967174826,0.6835700108055353
2024-02-13 21:10:00,-31.913999999999987,-37.982,13.058076121695724,6.938899981714878,90.0,81.02846845413956,9.157049743230624,9.309231547233104,0.712909885076103
2024-02-13 21:10:00,-31.541,-39.315,13.63394088295824,7.632789979886367,90.0,81.02846845413956,9.14302356991384,10.113825389040493,0.7418123252743659
2024-02-13 21:10:00,-32.531000000000006,-39.482,14.01102651485608,8.396068977875006,33.690067525979785,81.02846845413956,8.25245418042415,11.322802833221113,0.8081351370804554
2024-02-13 21:10:00,-32.89699999999999,-38.151,12.744299431510548,7.632789979886367,116.565051177078,81.02846845413956,8.775569725094778,9.241566101045864,0.7251529321569373
2024-02-13 21:10:00,-32.714999999999975,-38.817,13.25062473998868,8.396068977875006,180.0,81.02846845413956,8.392337934092026,10.254156230524286,0.7738620956926328
2024-02-13 21:10:00,-31.716000000000008,-38.646,13.160838271174072,7.632789979886367,90.0,81.02846845413956,9.213210515341546,9.398107043442316,0.7140963857922946
2024-02-13 21:11:00,-32.646000000000015,-35.306,10.458036144515855,17.997719508961012,81.86989764584403,81.02846845413956,5.346420858855017,8.988120159410423,0.8594462703328627
2024-02-13 21:11:00,-33.59100000000001,-35.475,9.090710863293369,6.308090892468072,75.96375653207353,81.02846845413956,6.351390398959902,6.503911438511445,0.7154458585601984
2024-02-13 21:11:00,-32.81999999999999,-34.645,8.4082074189449,6.308090892468072,85.23635830927383,81.02846845413956,5.80542091497249,6.082354807145011,0.7233830594426812
2024-02-13 21:11:00,-33.00599999999997,-33.975,8.09922662974682,17.997719508961012,270.0,81.02846845413956,4.75318924512795,6.557794141325269,0.809681521596126
2024-02-13 21:11:00,-33.94,-34.14,7.443884469818163,16.361563189964553,78.69006752597979,81.02846845413956,4.966499773482328,5.544844091586347,0.7448858340115796
2024-02-13 21:11:00,-33.173,-33.308,6.817547359571477,17.997719508961012,0.0,81.02846845413956,3.975741440285071,5.53826976591065,0.8123551585065576
2024-02-13 21:11:00,-34.09800000000001,-33.461,6.550466853591431,5.734628084061883,50.19442890773481,81.02846845413956,4.415062400465027,4.838991630494934,0.7387246953004356
2024-02-13 21:11:00,-33.76600000000002,-34.807,8.791877615162761,13.52195304955748,80.53767779197439,81.02846845413956,5.574778201865973,6.79845276515179,0.7732651730077492
2024-02-13 21:12:00,-34.910000000000025,-30.125,4.614596840461799,13.52195304955748,45.0,81.02846845413956,2.559518704756815,3.839709364001396,0.8320790519193314
2024-02-13 21:12:00,-34.58800000000002,-31.462,4.766409969778094,16.361563189964553,30.256437163529263,81.02846845413956,2.344764380486876,4.149788428341861,0.8706318706645075
2024-02-13 21:12:00,-34.019000000000005,-29.966,4.661370613886008,16.361563189964553,90.0,81.02846845413954,2.581422863461158,3.8813183327318064,0.8326560263561834
2024-02-13 21:12:00,-34.752999999999986,-30.796,4.740455674299677,17.997719508961012,45.0,81.02846845413956,2.4571886374472767,4.053904784278981,0.8551719629522486
2024-02-13 21:12:00,-33.85300000000001,-30.64,4.7006391054834245,16.361563189964553,90.0,81.02846845413954,2.3909228343884297,4.047159003548045,0.8609805842841505
2024-02-13 21:12:00,-33.67599999999999,-31.3,4.465596488712343,11.175167809551631,84.28940686250037,81.02846845413956,2.19408112885554,3.88941640866596,0.8709735459747001
2024-02-13 21:12:00,-33.521000000000015,-31.96,4.969666387193411,16.361563189964553,90.0,81.02846845413956,2.4799967741914517,4.306646026782327,0.8665865455034054
2024-02-13 21:12:00,-34.254999999999995,-32.798,6.043843810026861,16.361563189964553,99.27260177720032,81.02846845413956,3.076098828061284,5.202467107056037,0.8607878149374141
2024-02-13 21:12:00,-33.33800000000002,-32.631,5.72875274383526,14.87414835451323,123.6900675259798,81.02846845413956,2.984841704345476,4.889716556202416,0.8535394657177803
2024-02-13 21:12:00,-34.42599999999999,-32.128,4.751795450143031,17.997719508961012,105.94539590092286,81.02846845413956,2.651049603458978,3.943538512554431,0.8299049388659456
2024-02-13 21:13:00,-34.966999999999985,-25.945,5.153053463724203,12.2926845905068,95.71059313749964,81.02846845413956,2.5884698182517027,4.455758521284564,0.8646831539109064
2024-02-13 21:13:00,-35.67500000000001,-26.781,5.051137693629031,12.2926845905068,120.96375653207352,81.02846845413956,2.602506484141779,4.329082119803228,0.8570509026636658
2024-02-13 21:13:00,-34.815,-26.615,4.979154145033071,11.175167809551631,90.0,81.02846845413956,2.691961366736158,4.188713406285993,0.8412499963401258
2024-02-13 21:13:00,-35.51999999999998,-27.441,5.93002192238781,17.997719508961012,68.19859051364818,81.02846845413954,2.5194142176307577,5.368213110523837,0.9052602470586226
2024-02-13 21:13:00,-34.65300000000002,-27.282,5.310369478670953,16.361563189964553,74.05460409907715,81.02846845413956,2.72224172328616,4.559542082270983,0.8586110816929668
2024-02-13 21:13:00,-34.500999999999976,-27.953,5.355704995609823,16.361563189964553,45.0,81.02846845413956,2.797840595888194,4.566800192695101,0.8526982342079329
2024-02-13 21:13:00,-35.22300000000001,-28.767,5.27846568616298,16.361563189964553,90.0,81.02846845413956,2.84275922300852,4.447574619947372,0.8425885256024845
2024-02-13 21:13:00,-34.34100000000001,-28.622,5.20421752043475,11.175167809551631,90.0,81.02846845413956,2.802571676157455,4.385142186976382,0.8426131632195988
2024-02-13 21:13:00,-35.06900000000002,-29.446,5.035869736202478,17.997719508961012,45.0,81.02846845413956,2.5830261322719914,4.322957321093977,0.8584331103754673
2024-02-13 21:13:00,-34.17700000000002,-29.292,4.978488927375455,11.175167809551631,97.1250163489018,81.02846845413956,2.6441694348131333,4.218260304912442,0.8472973158014457
2024-02-13 21:13:00,-35.822,-26.102,4.973663438553117,16.361563189964553,90.0,81.02846845413956,2.830499602543693,4.089694365108475,0.8222700260350152
2024-02-13 21:13:00,-35.37099999999998,-28.098,5.272344450052558,11.175167809551631,90.0,81.02846845413956,2.8243498366880835,4.452040431083259,0.844413803623714
2024-02-13 21:14:00,-35.72500000000002,-22.583,5.020555347767815,12.2926845905068,119.74488129694222,81.02846845413956,2.965360011870397,4.051248696389794,0.8069323841218116
2024-02-13 21:14:00,-36.411,-23.4,5.230086806162974,12.2926845905068,130.10090754621226,81.02846845413956,2.7539934640445325,4.446271246786458,0.850133355635151
2024-02-13 21:14:00,-36.70800000000003,-22.062,5.309589814665538,7.632789979886367,90.0,81.02846845413956,3.281862885618472,4.173861521421141,0.7860986756251079
2024-02-13 21:14:00,-36.55099999999999,-22.736,5.309277917005288,12.2926845905068,90.0,81.02846845413956,2.904421457020314,4.444408622077859,0.8371022748390498
2024-02-13 21:14:00,-35.56999999999999,-23.25,5.421012451562902,16.361563189964553,90.0,81.02846845413956,2.8841095679602757,4.590129409940422,0.8467291766904294
2024-02-13 21:14:00,-35.88099999999997,-21.903,5.522099600695375,14.87414835451323,51.34019174590991,81.02846845413956,3.014102851596144,4.626960989677784,0.8378988653328763
2024-02-13 21:14:00,-35.422000000000025,-23.917,4.762238969224456,11.175167809551631,116.565051177078,81.02846845413956,2.8650989511707974,3.803962144922056,0.7987759895093087
2024-02-13 21:14:00,-36.12700000000001,-24.746,4.889716556202416,12.2926845905068,90.0,81.02846845413956,2.651049603458978,4.108681540348438,0.8402698792707595
2024-02-13 21:14:00,-35.281000000000006,-24.58,5.151928570933415,17.997719508961012,123.6900675259798,81.02846845413956,2.715541934863096,4.378150294359481,0.8498080348125359
2024-02-13 21:14:00,-35.97399999999999,-25.423,5.190197684096436,13.52195304955748,99.46232220802564,81.02846845413956,2.7088255757800286,4.427235706397391,0.8529994377599763
2024-02-13 21:14:00,-35.125,-25.26,5.214866441242768,12.2926845905068,90.0,81.02846845413956,2.8795124587332497,4.347785643290158,0.8337290498764962
2024-02-13 21:14:00,-36.267,-24.071,5.23103660855093,13.52195304955748,345.96375653207355,81.02846845413956,2.558548025736473,4.562628189979982,0.8722225691408215
2024-02-13 21:15:00,-37.13900000000001,-20.039,6.2684581836365485,12.2926845905068,120.96375653207352,81.02846845413956,3.219971428444669,5.378229448433752,0.8579828230286854
2024-02-13 21:15:00,-36.97300000000001,-20.712,6.095001886792162,17.997719508961012,97.1250163489018,81.02846845413956,3.131321765644662,5.229136831256189,0.857938509024534
2024-02-13 21:15:00,-36.158000000000015,-20.56,5.702386868671751,11.175167809551631,90.0,81.02846845413956,3.302235606373356,4.648919874551509,0.815258589362313
2024-02-13 21:15:00,-36.85000000000002,-21.379,5.218041011720779,12.2926845905068,45.0,81.02846845413956,2.8237634461831256,4.38797356418655,0.8409235485750821
2024-02-13 21:15:00,-36.021000000000015,-21.229,5.341617732485171,16.361563189964553,26.56505117707799,81.02846845413956,2.806114751751968,4.545173264024157,0.8508982655914484
2024-02-14 09:19:00,-43.46600000000001,-24.709,5.552156337856492,17.997719508961012,111.80140948635182,81.02846845413956,3.3864140325719188,4.399845451831236,0.792457053457157
2024-02-14 09:19:00,-44.31400000000002,-24.59,5.874045965090843,16.361563189964553,98.13010235415598,81.02846845413956,2.924875381960743,5.094067137366764,0.8672160837079835
2024-02-14 09:19:00,-43.322,-24.042,5.106405389312526,16.361563189964553,90.0,81.02846845413956,2.7458637985158703,4.305299989547768,0.8431175477290864
2024-02-14 09:19:00,-43.16699999999997,-23.389,5.030440934947951,12.2926845905068,90.0,81.02846845413956,2.416413871835701,4.412060743008873,0.8770723680218551
2024-02-14 09:19:00,-44.029,-23.232,5.2883388696262665,17.997719508961012,153.434948822922,81.02846845413954,2.313122564846057,4.755627403403258,0.8992667680048544
2024-02-14 09:19:00,-44.16699999999997,-23.916,4.996418717441525,17.997719508961012,107.35402463626131,81.02846845413956,2.828451166274575,4.1187454400581744,0.8243395265653849
2024-02-14 09:20:00,-45.255,-28.609,9.189093535273216,6.938899981714878,101.76828893202064,81.02846845413954,6.538827417817358,6.456250924491707,0.7025993260062887
2024-02-14 09:20:00,-44.36900000000003,-28.741,9.533949024407464,14.87414835451323,135.0,81.02846845413956,6.39154629178261,7.074201014955683,0.7420011368683971
2024-02-14 09:20:00,-44.214,-28.07,7.939081558971417,16.361563189964553,87.61405596961119,81.02846845413956,5.037513672438023,6.136161014836558,0.7729056527832868
2024-02-14 09:20:00,-45.09500000000003,-27.938,8.287696423011646,17.997719508961012,66.37062226934319,81.02846845413956,5.312084336679908,6.361420596061859,0.7675740364232837
2024-02-14 09:20:00,-44.06200000000001,-27.396,7.977161901328067,17.997719508961012,116.565051177078,81.02846845413956,4.278096773098992,6.73297853850731,0.8440318275834892
2024-02-14 09:20:00,-44.934000000000026,-27.265,7.925825130546348,16.361563189964553,104.03624346792648,81.02846845413956,4.358437334641857,6.619873714807558,0.8352283334254226
2024-02-14 09:20:00,-44.77800000000002,-26.598,5.9621888598064405,17.997719508961012,180.0,81.02846845413956,3.430625598925072,4.8763207441676775,0.8178742503514028
2024-02-14 09:20:00,-43.759000000000015,-26.062,5.435655618230427,13.52195304955748,90.0,81.02846845413956,3.1707374536533304,4.415062400465027,0.8122410083629151
2024-02-14 09:20:00,-44.62400000000002,-25.932,5.634022364172866,17.997719508961012,21.80140948635181,81.02846845413956,3.0094291817552388,4.762934389638389,0.8453879096977347
2024-02-14 09:20:00,-43.610000000000014,-25.387,6.443541883157121,16.361563189964553,21.80140948635181,81.02846845413956,3.512435052780337,5.402039614812169,0.8383649416375563
2024-02-14 09:20:00,-44.47199999999998,-25.26,6.209666657720044,14.87414835451323,90.0,81.02846845413956,3.6948699571162185,4.990781101190475,0.8037115961749389
2024-02-14 09:20:00,-43.91300000000001,-26.726,6.263965517146468,16.361563189964553,90.0,81.02846845413956,3.538036743732321,5.169096632875034,0.8252115403134916
2024-02-14 09:21:00,-44.99799999999999,-31.42,12.385819633758604,10.159243463228758,116.565051177078,81.02846845413954,6.477760724200919,10.556852940152195,0.8523338182140645
2024-02-14 09:21:00,-46.24400000000003,-32.632,16.90373260555195,11.175167809551631,90.0,81.02846845413956,6.994749459415972,15.388620990849054,0.910368221619569
2024-02-14 09:21:00,-45.166,-32.084,14.111660710207005,10.159243463228758,153.434948822922,81.02846845413954,5.902170448233431,12.818086908739543,0.9083329858879178
2024-02-14 09:21:00,-46.07900000000001,-31.956,14.39899996527537,11.175167809551631,63.43494882292201,81.02846845413956,5.371605346635214,13.359530530673602,0.927809609201434
2024-02-14 09:21:00,-45.910000000000025,-31.291,12.7489114829463,10.159243463228758,90.0,81.02846845413956,5.897117940146696,11.303041360625029,0.8865887394186276
2024-02-14 09:21:00,-45.418000000000006,-29.281,10.120454535246925,7.632789979886367,90.0,81.02846845413956,7.249584263942315,7.061666092360925,0.6977617524753428
2024-02-14 09:21:00,-45.74599999999998,-30.625,11.794937897250673,9.235675875662508,90.0,81.02846845413956,6.262775742432425,9.994908703935222,0.8473896845412789
2024-02-14 09:21:00,-44.68299999999999,-30.08,10.970103736975329,8.396068977875006,90.0,81.02846845413956,6.657291341078594,8.719154087410088,0.7948105411274924
2024-02-14 09:21:00,-45.584,-29.953,10.62611688247405,8.396068977875006,90.0,81.02846845413956,6.52957701539694,8.38325616929365,0.7889294143865844
2024-02-14 09:21:00,-44.52699999999999,-29.41,10.516776312159545,7.632789979886367,82.8749836510982,81.02846845413956,6.828954239120367,7.997997749437045,0.7604989886672521
2024-02-14 09:21:00,-45.30500000000001,-32.764,17.517186760436168,10.159243463228758,90.0,81.02846845413956,7.104917170523526,16.011620280283946,0.914052039249096
2024-02-14 09:21:00,-44.84100000000001,-30.747,11.868279066486432,9.235675875662508,90.0,81.02846845413956,6.894597885301218,9.66025713943475,0.8139560154692789
2024-02-14 09:22:00,-47.132000000000005,-35.975,23.43019282891202,13.52195304955748,90.0,81.02846845413956,7.054392674071952,22.34299621805456,0.953598477878684
2024-02-14 09:22:00,-45.98200000000003,-35.44,25.61122753793735,14.87414835451323,56.309932474020215,81.02846845413954,6.853765096645787,24.67713273457839,0.9635279175129224
2024-02-14 09:22:00,-46.332,-36.778,26.717294623520555,14.87414835451323,90.0,81.02846845413956,7.914952937320603,25.517980954613165,0.9551109614275252
2024-02-14 09:22:00,-46.16500000000002,-36.114,25.27548266601452,14.87414835451323,0.0,81.02846845413956,7.5392668078534015,24.124872642150887,0.9544772284245736
2024-02-14 09:22:00,-46.94999999999999,-35.305,24.520647136647927,16.361563189964553,63.43494882292201,81.02846845413956,7.153811851034385,23.45389332285794,0.9564956908418764
2024-02-14 09:22:00,-47.295000000000016,-36.642,26.259380952337786,14.87414835451323,45.0,81.02846845413956,7.273188021768722,25.232039632181944,0.9608771691145148
2024-02-14 09:22:00,-46.76600000000002,-34.637,22.949528622610103,13.52195304955748,153.434948822922,81.02846845413954,6.973409496078659,21.864409985179115,0.952717171002723
2024-02-14 09:22:00,-45.644000000000005,-34.109,25.97203804093934,16.361563189964553,0.0,81.02846845413956,6.605850134539841,25.117912015133747,0.9671136310342976
2024-02-14 09:22:00,-46.577999999999975,-33.973,24.69977084913948,13.52195304955748,90.0,81.02846845413956,7.45988471760791,23.546311813105685,0.95330082035664
2024-02-14 09:22:00,-45.48599999999999,-33.439,21.35899042557958,12.2926845905068,123.6900675259798,81.02846845413954,6.150178533993953,20.454382806626068,0.957647454260284
2024-02-14 09:22:00,-45.822,-34.765,23.014775254170967,16.361563189964553,0.0,81.02846845413956,6.285606414658813,22.139806503219493,0.9619823030514756
2024-02-14 09:22:00,-46.41899999999998,-33.302,20.88346695354965,11.175167809551631,116.565051177078,81.02846845413954,6.80636466845555,19.743165703604884,0.9453969375640024
2024-02-14 09:23:00,-48.45999999999998,-40.631,25.98239711804899,14.87414835451323,90.0,81.02846845413956,8.183639288238457,24.65994744519948,0.9491020914336324
2024-02-14 09:23:00,-47.23000000000002,-40.118,24.490068517666508,14.87414835451323,135.0,81.02846845413954,6.638109971972446,23.57326774123605,0.9625643849967548
2024-02-14 09:23:00,-48.24599999999998,-39.972,22.91020471318404,14.87414835451323,123.6900675259798,81.02846845413954,6.822889124117438,21.87065760328208,0.9546251496694949
2024-02-14 09:23:00,-47.04199999999997,-39.447,24.13883742022387,14.87414835451323,90.0,81.02846845413956,8.174730821256443,22.712491012656454,0.9409107247902336
2024-02-14 09:23:00,-48.06299999999999,-39.305,24.17510124073941,13.52195304955748,90.0,81.02846845413956,7.500177597897268,22.98222913470319,0.950656996462707
2024-02-14 09:23:00,-47.42399999999998,-40.785,26.90235275956362,14.87414835451323,90.0,81.02846845413956,7.574110640860749,25.814132408430854,0.9595492498050786
2024-02-14 09:23:00,-47.863,-38.637,22.14829438128364,14.87414835451323,90.0,81.02846845413956,7.34917954604458,20.89345600899957,0.943343792046377
2024-02-14 09:23:00,-46.68799999999999,-38.119,22.60088104477346,13.52195304955748,135.0,81.02846845413956,7.456443119879614,21.335446562001,0.944009506520318
2024-02-14 09:23:00,-47.672000000000025,-37.973,22.489158988277,14.87414835451323,90.0,81.02846845413956,7.314849007327494,21.2662938943296,0.9456242407915364
2024-02-14 09:23:00,-46.50200000000001,-37.446,24.191809523059668,14.87414835451323,333.434948822922,81.02846845413956,8.125865369300678,22.78626691671982,0.9419000631184664
2024-02-14 09:23:00,-47.49400000000003,-37.311,23.617798711988385,13.52195304955748,0.0,81.02846845413956,6.994039176327226,22.558453670409246,0.9551463261035664
2024-02-14 09:23:00,-46.868,-38.772,22.947760675063705,13.52195304955748,0.0,81.02846845413956,7.643971742490943,21.637222927168825,0.94289038627987
2024-02-14 09:24:00,-48.61599999999999,-44.778,21.70458347907189,12.2926845905068,90.0,81.02846845413956,7.971554929874098,20.18770061200632,0.9301123254206566
2024-02-14 09:24:00,-49.72000000000003,-44.63,22.507302814864342,13.52195304955748,116.565051177078,81.02846845413956,7.032645021611715,21.38037848121497,0.9499307250220528
2024-02-14 09:24:00,-48.411,-44.117,22.46495671039676,12.2926845905068,90.0,81.02846845413956,7.710945467321114,21.10013270100452,0.9392465328561884
2024-02-14 09:24:00,-49.49900000000002,-43.967,22.793823900346347,13.52195304955748,111.80140948635182,81.02846845413954,7.985150217747944,21.34937432338475,0.9366297825552804
2024-02-14 09:24:00,-48.202999999999975,-43.446,23.59110425562993,13.52195304955748,90.0,81.02846845413954,8.461510503450317,22.021422297390338,0.933462972261462
2024-02-14 09:24:00,-49.285000000000025,-43.3,24.675153008644145,13.52195304955748,90.0,81.02846845413956,7.287290854631783,23.574532190480483,0.9553955828448928
2024-02-14 09:24:00,-47.995000000000005,-42.785,26.92902404469944,13.52195304955748,90.0,81.02846845413956,8.711078463657644,25.481158686370613,0.9462340203668164
2024-02-14 09:24:00,-47.81200000000001,-42.114,27.237590642345744,13.52195304955748,116.565051177078,81.02846845413954,8.457007981549978,25.89141479332484,0.9505765445006712
2024-02-14 09:24:00,-48.863999999999976,-41.96,26.1106984969763,13.52195304955748,90.0,81.02846845413956,9.372257358822369,24.37066613779772,0.933359409769138
2024-02-14 09:24:00,-47.610000000000014,-41.45,28.07787299636496,13.52195304955748,116.565051177078,81.02846845413954,8.446035282900494,26.77744274571417,0.9536848731091866
2024-02-14 09:24:00,-48.644000000000005,-41.3,27.452908042682846,14.87414835451323,45.0,81.02846845413956,8.169158096156547,26.20929255054398,0.9547000452481998
2024-02-14 09:24:00,-49.06099999999998,-42.627,26.766092131650453,13.52195304955748,90.0,81.02846845413954,7.800729196684117,25.604146382959154,0.9565888907885316
2024-02-14 20:56:00,-30.067000000000007,-34.959,9.319898711895965,8.396068977875006,101.3099324740202,81.02846845413956,5.145334974518182,7.770845513842109,0.8337907689837192
2024-02-14 20:57:00,-30.154,-30.747,7.842016067313304,16.361563189964553,90.0,81.02846845413956,4.484838458629253,6.432996191511388,0.8203242809365155
2024-02-14 20:57:00,-30.88299999999998,-31.619,8.357140659340374,6.938899981714878,131.63353933657018,81.02846845413956,5.293659603714619,6.466758693503262,0.7738003890452265
2024-02-14 20:57:00,-30.720000000000027,-32.291,8.61213841040656,17.997719508961012,116.565051177078,81.02846845413956,4.907127061733781,7.077360524941486,0.8217889898738145
2024-02-14 20:57:00,-31.048999999999975,-30.944,7.509445252480374,11.175167809551631,75.96375653207353,81.02846845413956,4.7154121771060495,5.844369598168823,0.7782691532691346
2024-02-14 20:57:00,-30.408999999999992,-33.627,8.500172704127841,7.632789979886367,66.03751102542182,81.02846845413956,5.26448629972574,6.673688635230147,0.785123887187525
2024-02-14 20:57:00,-30.24000000000001,-34.294,8.407616546917446,8.396068977875006,108.43494882292202,81.02846845413956,4.879715565481252,6.846633625366558,0.8143370463150816
2024-02-14 20:57:00,-30.571000000000023,-32.963,8.428567138013438,14.87414835451323,108.43494882292202,81.02846845413956,5.059327228001764,6.741212947237316,0.7998053330837178
2024-02-14 20:58:00,-31.980000000000015,-26.921,5.0683204318590604,12.2926845905068,108.43494882292202,81.02846845413956,3.1371337236401007,3.9807366152510015,0.7854153400066041
2024-02-14 20:58:00,-31.12299999999999,-26.733,5.3267160615148255,16.361563189964553,116.565051177078,81.02846845413956,3.096220922350342,4.334434219134028,0.8137160248600506
2024-02-14 20:58:00,-31.827,-27.594,4.984638803363792,13.52195304955748,68.19859051364818,81.02846845413956,2.955851146455113,4.013672632390441,0.8052083191427808
2024-02-14 20:58:00,-30.966000000000008,-27.4,4.991278794056691,14.87414835451323,0.0,81.02846845413956,2.8558361297525465,4.0935392999212805,0.8201383791255292
2024-02-14 20:58:00,-31.666999999999973,-28.258,5.582496215851831,16.361563189964553,90.0,81.02846845413956,3.2869049271312982,4.512263290190413,0.8082877472227518
2024-02-14 20:58:00,-30.81,-28.066,5.680418998630295,17.997719508961012,180.0,81.02846845413956,2.895856350028434,4.886837013856715,0.8602951674929376
2024-02-14 20:58:00,-31.52199999999999,-28.923,5.6544134974372025,17.997719508961012,71.56505117707799,81.02846845413956,3.268210519535118,4.614237965254936,0.8160418348156331
2024-02-14 20:58:00,-31.367999999999995,-29.598,6.721901516684102,13.52195304955748,123.6900675259798,81.02846845413956,3.6696855451114616,5.6318174686330185,0.8378309998524318
2024-02-14 20:58:00,-30.487000000000023,-29.411,6.385973379211662,17.997719508961012,90.0,81.02846845413956,3.701362992196254,5.203899307250287,0.8148952396498559
2024-02-14 20:58:00,-31.20299999999997,-30.271,6.92240362879831,11.175167809551631,90.0,81.02846845413956,3.958417865764049,5.6789611726089495,0.8203741759558139
2024-02-14 20:58:00,-30.321000000000023,-30.077,6.726826889403356,12.2926845905068,116.565051177078,81.02846845413956,3.968028225706064,5.431846095021472,0.8074900966424685
2024-02-14 20:58:00,-30.64299999999997,-28.737,5.7405923039351965,17.997719508961012,90.0,81.02846845413956,2.909548418569453,4.948628901018949,0.8620415174975317
2024-02-14 20:59:00,-32.57400000000001,-24.23,4.5528180284303055,16.361563189964553,90.0,81.02846845413956,2.461228961311809,3.83020939375382,0.8412832162049705
2024-02-14 20:59:00,-32.043000000000006,-22.71,4.27403041636346,17.997719508961012,86.42366562500266,81.02846845413956,2.3843338692389544,3.5471520971055086,0.8299314117009928
2024-02-14 20:59:00,-32.72300000000001,-23.553,4.591211604794535,17.997719508961012,72.89727103094764,81.02846845413956,2.5475211480967146,3.819602073514989,0.8319377110665592
2024-02-14 20:59:00,-31.88900000000001,-23.372,4.486315191780445,12.2926845905068,180.0,81.02846845413956,2.415728461561854,3.780380933186497,0.8426471996690473
2024-02-14 20:59:00,-32.863999999999976,-22.892,4.283899158477007,16.361563189964553,116.565051177078,81.02846845413956,2.4501020386914507,3.514084802619312,0.8203005422444686
2024-02-14 20:59:00,-31.74000000000001,-24.042,4.439189115142541,16.361563189964553,75.96375653207353,81.02846845413956,2.599641513747617,3.598369630818936,0.8105916502958883
2024-02-14 20:59:00,-32.27800000000002,-25.573,4.461701020911196,13.52195304955748,7.125016348901798,81.02846845413956,2.440281950922885,3.735210837422702,0.8371719261143756
2024-02-14 20:59:00,-31.577,-24.716,4.664034305191162,17.997719508961012,53.13010235415598,81.02846845413956,2.306311340647659,4.053904784278981,0.8691841695432867
2024-02-14 20:59:00,-31.428,-25.394,4.462814358675478,14.87414835451323,84.28940686250037,81.02846845413956,2.3662070915285507,3.783883719143601,0.8478693969844228
2024-02-14 20:59:00,-32.132000000000005,-26.25,4.904088906208778,17.997719508961012,45.0,81.02846845413956,2.5807812770554586,4.1700906464967895,0.8503293325733315
2024-02-14 20:59:00,-31.279,-26.069,4.8844643513900285,14.87414835451323,60.25511870305778,81.02846845413956,2.580139531110673,4.147393398268364,0.8490989185105
2024-02-14 20:59:00,-32.418000000000006,-24.899,4.486315191780445,11.175167809551631,135.0,81.02846845413956,2.514808939064756,3.7152065891414447,0.8281198333875919
2024-02-14 21:00:00,-33.43700000000001,-20.198,4.979320435561464,14.87414835451323,160.01689347810003,81.02846845413956,2.82815841140485,4.09818886826852,0.8230418028532465
2024-02-14 21:00:00,-32.617999999999995,-20.018,5.164288915233152,16.361563189964553,63.43494882292201,81.02846845413956,2.79191547149981,4.344546926895831,0.8412672099116452
2024-02-14 21:00:00,-32.488999999999976,-20.691,5.121301397106015,17.997719508961012,104.03624346792648,81.02846845413956,2.708214171737532,4.346642842470498,0.8487379487031818
2024-02-14 21:00:00,-33.14699999999999,-21.543,4.710492967832562,16.361563189964553,116.565051177078,81.02846845413956,2.4909901645731165,3.997963481574089,0.848735686238307
2024-02-14 21:00:00,-32.32900000000001,-21.352,4.509877160189622,10.159243463228758,90.0,81.02846845413956,2.5213853335022005,3.73919884467248,0.8291132356508046
2024-02-14 21:00:00,-33.00599999999997,-22.222,4.547358793849459,17.997719508961012,63.43494882292201,81.02846845413956,2.426671794866377,3.84574258108886,0.8457090710085222
2024-02-14 21:00:00,-32.17700000000002,-22.039,4.457802149041612,14.87414835451323,74.47588900324574,81.02846845413956,2.3704024974674662,3.775339984690121,0.8469061341140467
2024-02-14 21:00:00,-33.29899999999998,-20.871,5.135348089467745,11.175167809551631,105.94539590092286,81.02846845413956,2.65666557925532,4.394761426971891,0.8557864725830859
2024-02-15 09:04:00,-39.521000000000015,-23.33,5.806989581530177,14.87414835451323,108.43494882292202,81.02846845413956,3.4799896551570395,4.648741765252186,0.8005424669674049
2024-02-15 09:04:00,-40.35899999999998,-23.167,5.9023107339414125,17.997719508961012,90.0,81.02846845413956,3.55041856687349,4.715060975215486,0.7988500076929852
2024-02-15 09:04:00,-39.360000000000014,-22.664,5.364510042865053,17.997719508961012,153.434948822922,81.02846845413956,3.029447474375485,4.427235706397392,0.8252823969051447
2024-02-15 09:04:00,-40.18799999999999,-22.497,5.4510189873087045,16.361563189964553,26.56505117707799,81.02846845413956,3.0620698881638884,4.509693559433946,0.827312025500848
2024-02-15 09:04:00,-39.214,-21.989,5.6418060937965615,17.997719508961012,75.06858282186245,81.02846845413956,3.192857027804409,4.651412688635573,0.8244545472326719
2024-02-15 09:04:00,-40.04000000000002,-21.823,5.674293612424371,17.997719508961012,26.56505117707799,81.02846845413956,3.1835074995985173,4.697114859144921,0.8277884755311516
2024-02-15 09:04:00,-38.942999999999984,-20.639,5.273443656663074,17.997719508961012,90.0,81.02846845413956,2.984841704345476,4.347404743062234,0.8243957888066604
2024-02-15 09:04:00,-39.88299999999998,-21.154,6.197921587112895,17.997719508961012,60.30334746230094,81.02846845413956,3.178040905967072,5.321117175932138,0.8585325098329958
2024-02-15 09:04:00,-39.76400000000001,-20.483,5.684207596490475,17.997719508961012,0.0,81.02846845413956,2.859892305664674,4.912355036029054,0.8642110536325283
2024-02-15 09:04:00,-39.06200000000001,-21.309,5.44265817409104,11.175167809551631,111.80140948635182,81.02846845413956,3.2310097492889134,4.379852052295831,0.804726644995907
2024-02-15 09:05:00,-41.106,-26.522,20.403597918014366,14.87414835451323,135.0,81.02846845413956,7.594962014388224,18.937353563790275,0.9281379509576816
2024-02-15 09:05:00,-40.40100000000001,-27.372,21.757735727781977,16.361563189964553,90.0,81.02846845413954,7.23483572722975,20.51965438305432,0.9430969582396947
2024-02-15 09:05:00,-41.262,-27.195,22.402322379610563,16.361563189964553,90.0,81.02846845413956,8.092885764670104,20.88945303257125,0.9324681914042872
2024-02-15 09:05:00,-40.25,-26.698,19.9975616513614,16.361563189964553,90.0,81.02846845413954,7.653065268243831,18.47520132501944,0.9238727024382836
2024-02-15 09:05:00,-40.952999999999975,-25.851,17.02565311522586,16.361563189964553,90.0,81.02846845413956,7.342529264497353,15.36099371785563,0.9022264000033252
2024-02-15 09:05:00,-40.09800000000001,-26.025,16.724037550783006,16.361563189964553,90.0,81.02846845413956,7.000192568779807,15.188506707375817,0.9081842026039162
2024-02-15 09:05:00,-40.791,-25.188,12.944971842379577,16.361563189964553,90.0,81.02846845413956,6.127789160863812,11.40274072317704,0.8808625358184603
2024-02-15 09:05:00,-39.94,-25.352,12.297192850402896,17.997719508961012,135.0,81.02846845413954,5.935185928005964,10.770075208651056,0.8758157523973606
2024-02-15 09:05:00,-39.79000000000002,-24.674,8.496665228193944,16.361563189964553,90.0,81.02846845413956,4.622664166906353,7.129116074240904,0.8390487188532286
2024-02-15 09:05:00,-40.63299999999998,-24.518,9.013969159033108,17.997719508961012,123.6900675259798,81.02846845413954,4.228063386469036,7.9608492009332785,0.8831680096171093
2024-02-15 09:05:00,-39.64499999999998,-24.0,6.162417707361293,17.997719508961012,119.74488129694222,81.02846845413956,3.490917357944758,5.078276085444746,0.8240720325365986
2024-02-15 09:05:00,-40.48200000000003,-23.845,6.054383535918419,17.997719508961012,90.0,81.02846845413956,3.3802958450407865,5.022863725007878,0.8296243036486018
2024-02-15 09:06:00,-42.22899999999999,-31.22,18.126324724002934,14.87414835451323,116.565051177078,81.02846845413954,5.390378094345518,17.306284176564308,0.9547596901233524
2024-02-15 09:06:00,-41.16899999999998,-30.726,18.15553601522137,16.361563189964553,135.0,81.02846845413954,6.337948564007129,17.013344644719336,0.937088534894016
2024-02-15 09:06:00,-42.057000000000016,-30.55,18.80828030416391,14.87414835451323,153.434948822922,81.02846845413956,6.0432957895506005,17.810951237932244,0.946973936473561
2024-02-15 09:06:00,-41.00599999999997,-30.056,18.151795944203432,13.52195304955748,90.0,81.02846845413956,6.334420257608428,17.010667711762526,0.9371341416602188
2024-02-15 09:06:00,-41.892,-29.883,18.38079998259053,14.87414835451323,56.309932474020215,81.02846845413954,6.525137239936032,17.183608235757706,0.9348672664972822
2024-02-15 09:06:00,-41.327,-31.393,19.8176339657387,14.87414835451323,90.0,81.02846845413954,5.540810770997329,19.02729702296152,0.9601195105256488
2024-02-15 09:06:00,-41.73700000000002,-29.21,20.86577618973232,14.87414835451323,90.0,81.02846845413954,7.128883783594738,19.61019204393471,0.939825667908033
2024-02-15 09:06:00,-40.696000000000026,-28.716,21.09365686646107,13.52195304955748,90.0,81.02846845413954,7.274781646207673,19.799492720774445,0.9386467622053554
2024-02-15 09:06:00,-41.572,-28.545,21.56370116654375,16.361563189964553,90.0,81.02846845413956,7.229225684677442,20.315794446686063,0.9421292889277364
2024-02-15 09:06:00,-40.54899999999998,-28.046,21.870506166982057,16.361563189964553,90.0,81.02846845413954,7.011420398178961,20.71615369705487,0.9472187583993864
2024-02-15 09:06:00,-41.420000000000016,-27.868,21.2438166062504,14.87414835451323,90.0,81.02846845413956,8.201023350777636,19.59701405826919,0.9224808527344992
2024-02-15 09:06:00,-40.85500000000002,-29.389,19.378069872925945,14.87414835451323,116.565051177078,81.02846845413954,7.214205985415168,17.98512785609266,0.92811760789554
2024-02-15 09:07:00,-42.327,-35.411,19.008793544041666,13.52195304955748,135.0,81.02846845413956,6.326834279479748,17.924993723848278,0.9429842921023724
2024-02-15 09:07:00,-43.269000000000005,-35.223,19.723864530055977,13.52195304955748,63.43494882292201,81.02846845413954,5.9674637828813015,18.79947360965195,0.9531333771332996
2024-02-15 09:07:00,-42.146000000000015,-34.745,18.78832722729728,14.87414835451323,153.434948822922,81.02846845413956,5.765491132592262,17.881844200193676,0.951752861436936
2024-02-15 09:07:00,-43.08100000000002,-34.568,18.25659113854501,13.52195304955748,26.56505117707799,81.02846845413956,5.519699991847384,17.40218469043471,0.9532001104901562
2024-02-15 09:07:00,-41.964999999999975,-34.068,17.82712180919848,13.52195304955748,90.0,81.02846845413956,5.392067506995811,16.992112287764584,0.9531607216032458
2024-02-15 09:07:00,-42.904,-33.896,17.829861917580857,13.52195304955748,90.0,81.02846845413956,6.11927054476267,16.74689535406489,0.9392610796134028
2024-02-15 09:07:00,-41.81700000000001,-33.388,18.712860176894395,14.87414835451323,135.0,81.02846845413956,5.744485355538825,17.809324074764888,0.9517157669330986
2024-02-15 09:07:00,-41.660000000000025,-32.728,19.295470141978925,14.87414835451323,90.0,81.02846845413954,5.4510189873087045,18.50949918285204,0.9592665556556228
2024-02-15 09:07:00,-42.577999999999975,-32.554,18.79370298796914,14.87414835451323,135.0,81.02846845413956,5.737995468802674,17.896331467650015,0.9522514790782008
2024-02-15 09:07:00,-41.49400000000003,-32.059,18.75608445278492,14.87414835451323,90.0,81.02846845413954,5.668453757419215,17.879019436199517,0.9532383734572504
2024-02-15 09:07:00,-42.40199999999999,-31.894,19.447592961598108,14.87414835451323,90.0,81.02846845413956,5.87601906055452,18.538642668760843,0.953261553003906
2024-02-15 09:07:00,-42.73599999999999,-33.223,18.200948326941656,12.2926845905068,116.565051177078,81.02846845413954,6.542625161202499,16.98436269042793,0.933158118211187
2024-02-15 09:08:00,-43.007000000000005,-38.078,15.024678099713157,13.52195304955748,116.565051177078,81.02846845413954,5.620632704598301,13.93375182784594,0.9273910386214502
2024-02-15 09:08:00,-44.37400000000002,-39.23,13.046784431422177,12.2926845905068,90.0,81.02846845413956,4.499399959994667,12.246386569106829,0.9386517140278908
2024-02-15 09:08:00,-43.202,-38.748,12.771298446125206,13.52195304955748,146.30993247402023,81.02846845413954,4.691823526093027,11.878251386462576,0.9300739025534572
2024-02-15 09:08:00,-44.18599999999998,-38.569,12.36882791536854,12.2926845905068,90.0,81.02846845413954,4.809642814180696,11.39540433683685,0.9213002569691998
2024-02-15 09:08:00,-43.375999999999976,-39.417,13.23912202527041,12.2926845905068,90.0,81.02846845413954,4.530027814484146,12.439983922819197,0.939638134543526
2024-02-15 09:08:00,-43.99099999999999,-37.896,14.9234872600207,13.52195304955748,90.0,81.02846845413956,5.36852158419802,13.924419126125157,0.9330539761593124
2024-02-15 09:08:00,-42.65199999999999,-36.742,18.075961717153536,13.52195304955748,90.0,81.02846845413956,5.574778201865973,17.194831781672075,0.9512540494791324
2024-02-15 09:08:00,-43.809000000000026,-37.236,16.925760721456513,13.52195304955748,143.13010235415598,81.02846845413954,5.940206057032031,15.84914281593803,0.9363917567289208
2024-02-15 09:08:00,-43.62700000000001,-36.574,17.298005202912854,13.52195304955748,90.0,81.02846845413956,6.028068347323213,16.21367866956787,0.9373149377269008
2024-02-15 09:08:00,-42.49099999999999,-36.069,18.89248421992196,13.52195304955748,135.0,81.02846845413956,6.546926607195166,17.721842793569753,0.9380366598312267
2024-02-15 09:08:00,-43.43900000000002,-35.891,20.370050368126243,13.52195304955748,90.0,81.02846845413954,6.336511343002552,19.359431189991096,0.950387006420146
2024-02-15 09:08:00,-42.84500000000003,-37.413,16.693759792209786,12.2926845905068,90.0,81.02846845413956,5.829758828630908,15.642746817614867,0.9370415659697358
2024-02-15 09:09:00,-44.52999999999997,-43.413,12.284797434227398,10.159243463228758,123.6900675259798,81.02846845413956,5.981046062353977,10.730486289073763,0.8734768600397858
2024-02-15 09:09:00,-44.33499999999998,-42.742,12.711121429677243,11.175167809551631,90.0,81.02846845413956,6.336903344694475,11.018904845763942,0.8668711810145715
2024-02-15 09:09:00,-45.375,-42.559,12.5095438765768,10.159243463228758,108.43494882292202,81.02846845413956,6.033422909095634,10.958398423127354,0.8760030366611647
2024-02-15 09:09:00,-44.132000000000005,-42.086,12.024571842689456,11.175167809551631,123.6900675259798,81.02846845413956,5.694395139081939,10.590759746118314,0.8807598211953923
2024-02-15 09:09:00,-45.18000000000001,-41.894,12.243478917366586,11.175167809551631,90.0,81.02846845413956,5.065052023424834,11.1466597687379,0.9104160544538596
2024-02-15 09:09:00,-45.60899999999998,-43.223,12.529649316720723,10.159243463228758,116.565051177078,81.02846845413956,5.78570514284992,11.113852977253211,0.8870043124368898
2024-02-15 09:09:00,-44.971,-41.231,12.782833488706643,11.175167809551631,90.0,81.02846845413956,5.714281057140961,11.434501475796838,0.8945200988418546
2024-02-15 09:09:00,-43.750999999999976,-40.75,14.038597365833956,12.2926845905068,90.0,81.02846845413956,4.534412420589906,13.286132620141954,0.9464002901370124
2024-02-15 09:09:00,-44.769000000000005,-40.561,13.367461389508485,12.2926845905068,90.0,81.02846845413956,4.949465425679829,12.41739972780131,0.928927293371288
2024-02-15 09:09:00,-43.56099999999998,-40.081,13.507214072487342,12.2926845905068,90.0,81.02846845413956,4.886667576170903,12.592271915742607,0.9322627040754196
2024-02-15 09:09:00,-44.56999999999999,-39.898,13.47302638607971,12.2926845905068,123.6900675259798,81.02846845413954,4.71260182913855,12.621958009754271,0.9368316848837498
2024-02-15 09:09:00,-43.93900000000002,-41.412,13.063401394736369,11.175167809551631,90.0,81.02846845413956,5.68522717224211,11.761405018109022,0.9003325139230615
2024-02-15 09:10:00,-44.93900000000002,-44.736,11.927293741666634,10.159243463228758,90.0,81.02846845413956,6.326834279479748,10.11095959837641,0.8477161556820664
2024-02-15 09:10:00,-46.031000000000006,-44.555,11.51143431549692,9.235675875662508,90.0,81.02846845413956,6.478271991820043,9.515519533898296,0.8266145879917254
2024-02-15 09:10:00,-44.735000000000014,-44.075,12.108356783643274,10.159243463228758,90.0,81.02846845413956,6.158385502710919,10.425286183122267,0.8609992560844753
2024-02-15 09:10:00,-45.80200000000002,-43.894,11.96499895528621,10.159243463228758,116.565051177078,81.02846845413956,6.352172541737199,10.139581056434237,0.847436852633782
2024-02-15 22:14:00,-48.322,-41.799,7.977265696966601,8.396068977875006,90.0,81.02846845413956,4.122964952555383,6.829196731680822,0.856082396036735
2024-02-15 22:14:00,-48.106,-42.465,8.212424246225961,16.361563189964553,63.43494882292201,81.02846845413956,4.5937357346717285,6.80745943799888,0.828922037378581
2024-02-15 22:14:00,-47.93099999999998,-43.133,9.13831319226913,8.396068977875006,72.64597536373867,81.02846845413956,5.4690650023564364,7.321072052643658,0.8011404182160413
2024-02-15 22:14:00,-46.86599999999999,-42.98,9.116541449475235,9.235675875662508,90.0,81.02846845413956,5.089513925710393,7.563608662536688,0.8296576837230376
2024-02-15 22:14:00,-47.71600000000001,-43.798,10.550968865464442,8.396068977875006,90.0,81.02846845413956,6.102740368064171,8.606945102648211,0.8157492655314875
2024-02-15 22:14:00,-47.26400000000001,-41.66,7.917463230100916,9.235675875662508,51.34019174590991,81.02846845413956,4.501607712806616,6.513198292697683,0.8226370118064528
2024-02-15 22:14:00,-47.505,-44.46,11.549780257649928,8.396068977875006,135.0,81.02846845413956,6.76108157028149,9.364037590697723,0.8107546102009611
2024-02-15 22:14:00,-46.62799999999999,-43.644,11.025815888178077,9.235675875662508,63.43494882292201,81.02846845413956,5.81696209373931,9.366513118551644,0.8495074843934641
2024-02-15 22:14:00,-46.18799999999999,-44.98,13.25249923599319,9.235675875662508,90.0,81.02846845413956,6.975665129577251,11.268044728345732,0.8502580930351786
2024-02-15 22:14:00,-47.05500000000001,-42.32,8.152620192306276,8.396068977875006,104.03624346792648,81.02846845413956,4.394384598553022,6.866920707274842,0.8422961631102643
2024-02-15 22:14:00,-46.41699999999997,-44.312,11.524014925363472,8.396068977875006,90.0,81.02846845413954,6.314389281632866,9.6400937754775,0.8365221529052687
2024-02-15 22:15:00,-47.46600000000001,-40.993,7.354135163294187,10.159243463228758,116.565051177078,81.02846845413956,3.712531211990009,6.348260864205253,0.8632233054255741
2024-02-15 22:15:00,-48.495000000000005,-41.133,7.363586626094651,10.159243463228758,90.0,81.02846845413956,3.765017928244168,6.328273698252946,0.8594009983975984
2024-02-15 22:15:00,-48.69999999999999,-40.463,6.884983660111331,10.159243463228758,90.0,81.02846845413956,3.151091239554958,6.121570386755348,0.8891190871259615
2024-02-15 22:15:00,-47.86200000000002,-39.658,6.622749882035409,11.175167809551631,82.8749836510982,81.02846845413954,2.923742806746176,5.94243586418903,0.8972762024892756
2024-02-15 22:15:00,-48.875,-39.799,6.686827050253358,10.159243463228758,104.03624346792648,81.02846845413956,3.1373976477329117,5.905115748230514,0.883096826619252
2024-02-15 22:15:00,-47.660000000000025,-40.332,6.995814748833764,10.159243463228758,90.0,81.02846845413956,3.234595492484339,6.2031295327439375,0.8866915084877038
2024-02-15 22:16:00,-49.952,-35.785,8.865592365995633,10.159243463228758,116.565051177078,81.02846845413956,3.960509058189365,7.931777606564625,0.8946697839376536
2024-02-15 22:16:00,-49.606,-37.123,7.665821286724602,11.175167809551631,90.0,81.02846845413956,3.634772069882788,6.749314631871893,0.8804424704708571
2024-02-15 22:16:00,-48.99200000000002,-35.652,8.812102586783704,11.175167809551631,146.30993247402023,81.02846845413956,4.047363586336173,7.82764332350421,0.888283272512513
2024-02-15 22:16:00,-49.77600000000001,-36.456,7.996030515199403,10.159243463228758,90.0,81.02846845413956,3.8041798064760304,7.033115952406872,0.8795759269599888
2024-02-15 22:16:00,-48.809000000000026,-36.324,8.028789198876755,11.175167809551631,104.03624346792648,81.02846845413956,3.704493487644432,7.1230740554903695,0.8871915651349899
2024-02-15 22:16:00,-48.61599999999999,-36.992,7.896414882717348,10.159243463228758,75.96375653207353,81.02846845413956,3.5270202721277357,7.064948407454935,0.8947032941389365
2024-02-15 22:16:00,-48.44499999999999,-37.66,7.383126167146274,11.175167809551631,141.34019174590992,81.02846845413956,3.1410902565828964,6.681624353403895,0.9049858016968544
2024-02-15 22:16:00,-49.24799999999999,-38.461,7.826162277898409,17.997719508961012,116.565051177078,81.02846845413956,3.070441010669315,7.198694881712936,0.9198243821294784
2024-02-15 22:16:00,-48.250999999999976,-38.32,7.685454313181494,17.997719508961012,90.0,81.02846845413956,2.9505240212545303,7.096521401362785,0.9233704491862482
2024-02-15 22:16:00,-49.06900000000002,-39.127,7.414907686546074,11.175167809551631,81.86989764584403,81.02846845413956,3.357931506150774,6.610987218260222,0.8915805155950196
2024-02-15 22:16:00,-48.05500000000001,-38.986,7.489571950385417,10.159243463228758,74.05460409907715,81.02846845413956,3.0860421254415837,6.824223911918485,0.911163409220911
2024-02-15 22:16:00,-49.423,-37.792,7.2851317078004865,11.175167809551631,90.0,81.02846845413956,2.9745601355494573,6.650198192535318,0.9128452935744018
2024-02-15 22:17:00,-49.86200000000002,-32.315,10.98089176706519,12.2926845905068,104.03624346792648,81.02846845413954,4.269960187168027,10.116690367901947,0.9212995248933036
2024-02-15 22:17:00,-49.70100000000002,-32.987,10.442268719009297,12.2926845905068,90.0,81.02846845413956,4.313177946711683,9.50986182864925,0.910708399156337
2024-02-15 22:17:00,-49.524,-33.656,9.360676898600872,12.2926845905068,104.03624346792648,81.02846845413956,4.095561499965543,8.417163892903597,0.8992046177944353
2024-02-15 22:17:00,-49.339999999999975,-34.32,8.814169501433476,12.2926845905068,90.0,81.02846845413956,3.781694858129091,7.9616812294891615,0.9032820651105392
2024-02-15 22:17:00,-49.16199999999998,-34.991,9.316344347435855,12.2926845905068,126.86989764584402,81.02846845413956,4.092730140138732,8.369219318431083,0.8983372668845746
